판례일련번호,사건명,사건번호,법원명,판결요지,판례내용
71222,이혼·재산분할등,98드96753,서울가정법원,"[1]아내가 남편과의 별거 이후에도 계속하여 시부모를 병구완하면서 봉양하고 자녀들을 교육, 출가시키는 등의 내조를 한 경우, 별거 이후 남편 명의로 취득한 재산도 재산분할의 대상이 된다고 한 사례.[2]혼인생활이 실질적으로 파탄하여 아내가 이혼의사를 표명하고 남편 명의의 예금반환채권을 이혼 및 재산분할을 원인으로 가압류한 직후 남편이 자신의 명의로 된 부동산을 담보로 하여 금전을 차용한 경우, 위 차용금은 혼인공동생활비용 또는 공동재산의 유지와 관련하여 부담한 채무라고 볼 수 없어 재산분할의 대상에 포함되지 않는다고 한 사례.","원  고 피  고 주문1. 원고와 피고는 이혼한다.2. 피고는 원고에게가.위자료로 금 50,000,000원 및 이에 대하여 1998. 12. 19.부터 2000. 7. 6.까지는 연 5%의, 그 다음날부터 완제일까지는 연 25%의 각 비율에 의한 금원을,나.재산분할로 금 450,000,000원 및 이에 대하여 이 판결 확정일 다음날부터 완제일까지 연 5%의 비율에 의한 금원을 각 지급하라.3.소송비용은 이를 5분하여 그 1은 원고의, 나머지는 피고의 각 부담으로 한다.4. 제2의 가.항은 가집행할 수 있다.청구취지 주문 제1항, 제2의 가.항 및 피고는 원고에게 재산분할로 금 1,151,488,804원 및 이에 대하여 이 판결 확정일부터 완제일까지 연 25%의 비율에 의한 금원을 지급하라는 판결이유1. 이혼 및 위자료 청구에 대한 판단가. 인정 사실다음 사실은 당사자 사이에서 다툼이 없거나, 갑 제1호증, 갑 제2호증의 1, 2, 을 제1호증의 1, 2의 각 기재, 증인 
        1, 
        2, 
        3의 각 일부증언 및 가사조사관이 작성한 조사보고서의 내용에 변론의 전취지를 종합하면 인정할 수 있다.

      1) 원고와 피고는 1949.경 결혼식을 올리고 1952. 12. 20. 혼인신고를 마친 부부이며, 그 사이에 6남매를 두고 있다.
(2) 원고는 결혼 후 충남 조치원에 있는 시집에서 피고의 부모를 모시면서 결혼생활을 시작하였고, 경찰관으로 근무하던 피고는 6·25 전투중 부상을 입고 퇴직한 후 1959.경부터 고향에서 포목상과 극장을 운영하였는데, 원고는 가사 외에 피고의 포목상일도 도왔다.
(3) 그런데 피고는 사업이 안정되기 시작하자 다른 여자와 외박하면서 이를 따지는 원고를 폭행하기 시작하였고, 원고가 피고의 정부(情婦)를 찾아가 피고로부터 떠나도록 하면 피고는 원고에게 정부를 다시 데려오라고 협박하기도 하였으며, 한번은 피고가 임신중인 원고를 심하게 구타하여 원고가 친정 동생집으로 피신하기까지 하였다.
(4) 피고는 사업실패 후 1967.초 혼자 서울로 와서 스웨터위탁판매업을 시작하였고, 그 동안 원고는 거래처에서 수금한 외상매출금 등으로 6남매와 시부모를 힘들게 부양하였다. 그 후 피고가 1968. 서울 서대문구 홍제동에 주택을 매입하여 가내수공업으로 스웨터공장을 시작하자 원고와 피고의 부모를 비롯한 가족들도 이사하였다.
(5) 위 스웨터공장 경영 당시 원·피고를 비롯한 전가족이 공장일에 참여하였는데, 원고도 시부모와 자녀들을 부양하는 한편 종업원들의 식사 및 빨래를 담당하는 등 뒷바라지를 하였다.
(6) 그런데 피고는 그 무렵부터 공장에서 미싱보조일을 하던 여공원과 외도를 하기 시작하였고, 이로 인해 원고와 부부싸움을 하게 되면 원고를 심하게 폭행하였으며, 공장직원들이 보는 앞에서도 원고를 모욕하거나 폭행하기도 하였다. 이에 장남인 소외 
        증인 3이 위 여공원에게 피고와의 불륜관계를 청산하라고 요청하기도 하였지만 불륜관계는 계속되었고, 원고는 6남매나 되는 자식들의 장래를 우려해 이를 참아왔다.

      (7) 원·피고는 1975. 9.경 서울 관악구 신림동 소재 새 공장을 매수하여 원·피고와 장남만 이사하여 같이 공장일을 하고, 피고의 부모와 나머지 가족들은 홍제동에 계속 거주하였다. 그런데 1976. 2.경 원고의 남동생이 연체한 대출금채무를 보증인인 피고가 대신 변제하게 된 것을 계기로 원·피고 사이의 불화가 더욱 깊어져 각방을 쓰다가, 결국 피고의 강요로 원고는 1978.경 홍제동 집으로 돌아오게 되었고, 이후 피고가 보내 주는 생활비로 자녀를 부양하고 피고의 부모를 봉양해 왔는데, 피고의 어머니는 1988.경에, 피고 아버지는 와병 끝에 1993. 10. 7. 각 사망하였다.
(8) 피고는 1984. 12.경부터 소외 
        1과 동거를 시작하였고, 1985. 11.경에는 그들 사이에 소외 
        증인 3을 낳아 원·피고 사이의 자녀로 입적하기까지 하였으며 이후 자녀들의 결혼식이나 피고의 회갑잔치에도 원고를 참석치 못하게 하는 등 기우남을 본처처럼 행세하게 하였다.

      (9) 피고는 1988. 9. 홍제동 집을 매도하고 서울 동작구 상도동 소재 다가구주택 1채를 매입하여 원고와 피고의 부모등 가족이 거주하게 하였으나, 
        소외 1에 대하여 채무가 있다는 이유로 그 소유권이전등기는 
        소외 1 앞으로 경료하였다.

      (10) 1998. 5.경 피고는 대전에 사는 장남 
        증인 3에게 원고를 모시면 1억 원을 주겠다고 하여 이에 장남이 피고로부터 1억 원을 받기도 하였으나, 원고는 1998. 8.경 위 
        증인 3 집에서 원고의 거취를 둘러싼 가족회의 끝에 피고와 이혼하기로 마음을 정하고 이 사건 소송에 이르렀다.

      나. 판　단
(1) 위 인정 사실에 의하면, 원고와 피고 사이의 혼인생활은, 부부간의 동거 및 부양, 협조의무를 저버리고, 다른 여자와 동거해 온 피고의 잘못으로 말미암아 더 이상 계속하기 어려울 정도로 파탄되었다고 할 것이고, 이는 민법 제840조 제1호, 제2호, 제3호에 정해진 이혼사유에 해당하므로, 이를 이유로 한 원고의 이 사건 이혼 청구는 이유 있다.
(2) 한편, 피고의 위와 같은 유책행위와 그로 인한 위 혼인관계의 파탄으로 인하여 원고가 심한 정신적 고통을 받았을 것임은 경험칙상 명백하므로, 피고는 이를 금전으로나마 위자해 줄 의무가 있는바, 원고와 피고의 나이, 직업, 가족관계, 혼인기간 및 혼인이 파탄에 이르게 된 경위, 재산정도 기타 이 사건 변론에 나타난 모든 사정을 참작하여 보면, 피고가 원고에게 지급하여야 할 위자료의 액수는 금 50,000,000원으로 정함이 상당하다.
(3) 따라서 원고와 피고는 이혼하고, 피고는 원고에게 위자료로 금 50,000,000원 및 이에 대하여 원고가 구하는 이 사건 소장부본 송달 다음날인 1998. 12. 19.부터 위 채무의 존부 및 범위에 관하여 항쟁함이 상당하다고 인정되는 이 판결 선고일인 2000. 7. 6.까지는 민법에 정해진 연 5%의, 그 다음날부터 완제일까지는 소송촉진등에관한특례법 등에 정해진 연 25%의 각 비율에 의한 지연손해금을 지급할 의무가 있다.
2. 재산분할청구에 대한 판단
가. 기초 사실
앞서 든 각 증거와 갑 제3호증의 1 내지 7, 갑 제4호증의 1 내지 4, 갑 제5호증, 을 제2호증의 1 내지 9, 을 제3호증의 1 내지 17, 을 제9호증, 을 제11호증의 1, 2, 3의 각 기재와 감정인 전우희의 감정 결과, 이 법원의 서울축산업협동조합 난곡지점장에 대한 각 사실조회 결과에 변론의 전취지를 종합하면, 다음 사실이 인정된다.
(1) 결혼 당시 경찰공무원으로 근무하던 피고는 퇴직한 후 1959.경부터 고향에서 포목상과 극장을 운영하였고, 원고는 가사를 돌보는 외에 포목상에서 물품 및 금전출납일을 보조하였다. 그러나 1966. 12.경 극장경영이 실패하자 피고는 1967. 3.경 단신으로 상경하여 여동생집에 머물면서 스웨터위탁판매업을 하다가 1968.경 서울 서대문구 홍제동 소재 단층 주택을 매입하여 가내수공업으로 스웨터공장을 시작하였고, 원고는 위 스웨터공장을 시작할 무렵 상경하여 시부모와 자녀들을 부양하면서도 새벽까지 출고 전 스웨터제품 빨래를 하고, 7, 8명의 공장종업원들의 식사 및 빨래 등 뒷바라지를 하면서 공장일을 도와 왔다.
(2) 원·피고는 1975. 9.경 서울 관악구 신림동 소재 별지목록 1, 3 기재 대지를 매수하여 그 중 별지목록 1 기재 대지 위에 1976. 6.경 새 공장건물을 신축하여 사업을 확장하였으나, 원고는 원·피고 사이의 불화로 1978.경부터 피고와 별거해 왔다.
(3) 원고는 별거 후에도 1993. 10.까지 연로한 피고의 부모를 병구완까지 해가면서 봉양하였고, 6명의 자녀들을 교육시켜 출가시키는 등 내조를 계속해 왔다.
(4) 그 후 피고는 사업수입금으로, 1990.경에는 별지목록 3 기재 대지위에 별지목록 4 기재 5층 주택 및 근린생활시설을, 1995.경에는 별지목록 5 내지 7 기재 부동산을 각 신축하였으며, 1996.경 사업을 그만 두고 현재는 부동산임대수입을 주수입으로 생활하고 있다(피고는 1988. 9.경 위 홍제동 소재 주택을 1억 5,000만 원에 매도하여 그 대금과 사업수입금, 
        소외 1로부터의 차입금 등을 합하여 서울 동작구 상도동 299의 138 소재 다가구주택을 매입하였으나 그 소유권이전등기는 
        소외 1 앞으로 마쳤다).

      (5) 한편, 피고는 현재 서울축산업협동조합 난곡지점에 피고 명의의 예금 합계 410,807,229원을 소유하고 있고, 소외 
        증인 3, 
        소외 2, 
        3, 
        4 명의로 합계 8,000만 원의 차명예금계좌를 갖고 있다가 1998. 12. 24.부터 1999. 11. 12.에 걸쳐서 모두 해지하여 인출하였다.

      (6) 별지목록 1, 2 기재 부동산의 시가는 합계 932,148,200원, 별지목록 3, 4 기재 부동산의 시가는 합계 793,427,300원, 별지목록 5 기재 부동산의 시가는 95,000,000원, 별지목록 6 기재 부동산의 시가는 92,000,000원, 별지목록 7 기재 부동산의 시가는 170,000,000원이다.
(7) 별지목록 1, 2 기재 부동산에 관하여는 합계 6,000만 원, 별지목록 3, 4 기재 부동산에 관하여는 합계 1억 2,000만 원, 별지목록 5 기재 부동산에 관하여는 6,500만 원, 별지목록 6 기재 부동산에 관하여는 5,500만 원 등 총 합계 3억 원의 피고 명의의 임차보증금반환채무가 있으며, 별지목록 3, 4 기재 부동산 중 1, 2층 사무실에 관하여 서울축산업협동조합에 대하여 5억 원의 전세금반환채무가, 별지목록 7 기재 부동산에 관하여는 한빛은행을 근저당권자로 하는 피담보채무액 6,700만 원의 근저당채무가 있다.
나. 재산분할의 대상과 범위
(1) 위 인정 사실에 의하면, 원·피고가 그 혼인생활중에 공동의 노력으로 취득, 형성하고 유지해 온 재산으로서 실질적으로는 원고와 피고의 공동재산에 속하는 적극재산은 다음과 같다(원·피고의 별거 이후 피고 명의로 취득한 재산도, 원고가 별거 이후 계속하여 피고 부모들을 병구완하면서 봉양하고, 6명의 자녀들을 교육시켜, 출가시키는 등의 내조로 그 재산의 형성, 유지, 증식과정에 기여하였으므로 이 사건 재산분할의 대상으로 보기로 한다).
(가) 별지목록 1 내지 7 기재 각 부동산
시가 합계：2,082,575,500원(932,148,200원＋793,427,300원＋
95,000,000원＋92,000,000원＋170,000,000원)
(나) 서울축산업협동조합 난곡지점 예금：410,807,229원
(다) 서울축산업협동조합 난곡지점 차명계좌예금：합계 80,000,000원
(라) 적극재산의 합계액：2,573,382,729원 {(가)＋(나)＋(다)}
(2) 위 인정 사실에 따른 원·피고 사이의 혼인공동생활비용 또는 위 공동재산의 유지와 관련하여 부담한 채무로서 위 적극재산에서 공제하여야 할 소극재산은 다음과 같다.
(가) 별지목록 1 내지 6 기재 부동산에 관한 임차보증금 및 전세금반환채무：8억 원(3억 원＋5억 원)
(나) 별지목록 7 기재 부동산에 관한 근저당채무：6,700만 원
(다) 소극재산의 합계액：8억 6,700만 원{(가)＋(나)}
피고는 그 밖에도 
        소외 1 명의의 위 서울 동작구 상도동 소재 부동산에 관한 임차보증금을 사실상 피고가 수령하여 사용하였으므로 
        소외 1에 대하여 1억 8,000만 원의 대여금채무를 부담하고 있어 이 채무와 별지목록 1 내지 4 기재 부동산 위에 설정된 근저당채무액 합계 469,998,999원도 위 적극재산에서 공제하여야 할 소극재산이라고 주장한다.

      먼저, 
        소외 1에 대한 채무에 관하여 보건대, 이에 부합하는 듯한 증거로는 을 제8호증의 1 내지 9(각 임대차계약서), 을 제10호증(인증서)의 각 기재가 있으나, 을 제10호증의 기재는 피고와 부첩관계에 있는 
        소외 1이 작성한 것으로서 믿기 어렵고, 을 제8호증의 1 내지 9는 
        소외 1이 임대인으로서 각 임차인들과 작성한 임대차계약서들일 뿐이어서 피고 주장사실을 뒷받침하기에는 부족하고 그 밖에 달리 이를 인정할 증거가 없다.

      다음으로 피고 주장의 위 근저당채무에 관하여 보건대, 앞서 든 증거에 을 제7호증의 1, 2의 각 기재를 보태어 보면, 피고가 1998. 11. 23. 별지목록 1 내지 4 기재 부동산 위에 채권최고액 6억 원, 근저당권자 서울축산업협동조합(난곡지점)으로 된 근저당권을 설정하고, 1999. 8. 28. 99,998,999원, 1999. 10. 30. 3억 7,000만 원 합계 469,998,999원을 대출받은 사실은 인정되나, 위 근저당권은 원고가 1998. 8. 10.경 가족회의에서 이혼의사를 표명하고 1998. 11. 19. 피고 명의의 위 서울축산업협동조합 난곡지점 예금반환채권을 이혼 및 재산분할을 원인으로 가압류한 직후에 설정된 것인데다가, 그 피담보채무의 차용시기도 원고와의 혼인생활이 실질적으로 파탄된 시점 이후로서 혼인공동생활비용 또는 위 공동재산의 유지와 관련하여 부담한 채무라고 볼 수 없다.
그러므로 피고의 위 주장은 모두 이유 없다.
다. 재산분할의 방법과 액수
(1) 위 인정 사실에 따르면, 원고와 피고가 보유하고 있는 순자산액은 앞서 본 적극재산의 합계액 2,573,382,729원에서 소극재산의 합계액 867,000,000원을 공제한 1,706,382,729원이 되는바, 이를 원고와 피고의 나이, 혼인기간, 위 분할대상재산의 형성 및 취득의 경위와 과정, 특히 피고 명의의 적극재산 중 별지목록 4 내지 7 기재 각 부동산은 피고가 원고와 사실상 별거한 후 상당기간이 지나 취득한 재산으로서 그 형성과정에 있어서 원고의 기여정도가 동거기간 중 형성된 재산과 동일하게 볼 수 없는 점 등 이 사건 변론에 나타난 모든 사정을 참작하여 원고와 피고 사이에 분할하기로 한다.
(2) 나아가 그 분할의 방법에 관하여 보건대, 위 분할대상재산의 형태와 이용상황, 소유명의 등 제반사정을 고려할 때 위 분할대상재산을 개별적으로 분할하는 것은 적당하지 않으므로, 현재의 상태를 존중하여 별지목록 기재 각 부동산은 피고 소유로, 앞서 본 별지목록 기재 각 부동산에 관한 전세금 및 임차보증금반환채무와 근저당채무는 피고의 부담으로 확정적으로 귀속시키되, 재산분할의 조정으로 피고가 원고에게 순자산액 중 일부를 현금으로 지급하는 방법으로 분할함이 상당하다.
(3) 앞서 본 모든 사정을 참작하면 피고가 원고에게 재산분할의 조정으로 지급할 금원은 금 450,000,000원으로 정함이 상당하므로(순자산액의 26% 상당), 결국 피고는 원고에게 재산분할로 금 450,000,000원 및 이에 대하여 이 판결 확정일 다음날부터 완제일까지 민법에 정해진 연 5%의 비율에 의한 지연손해금을 지급할 의무가 있다.
3. 결　　론
그렇다면 이 사건 이혼 청구와 위자료 청구는 모두 이유 있어 인용하고, 재산분할청구에 관하여는 위 인정과 같이 정함이 상당하여 주문과 같이 판결한다.
판사 김선흠(재판장) 이일주 이일주 "
71221,이혼·재산분할등,98드84446,서울가정법원,"남편이 협의상 이혼을 전제로 하여 간통한 아내로부터 위자료 등 일체의 재산적 청구를 하지 않겠다는 내용의 각서와 간통을 자인하는 내용의 각서를 작성받은 후 위 각서를 가지고 이혼을 요구하거나 형사소송의 증거로 사용하지 아니한다는 내용의 각서를 작성하여 아내에게 주었으나 협의상 이혼이 이루어지지 않은 경우, 위 각서는 장차 부부 사이에 협의이혼이 이루어질 것을 조건으로 하여 아내는 남편에게 일체의 재산적 청구를 하지 않고 남편도 아내에게 간통에 관하여 별도의 책임을 묻지 아니한다는 조건부 의사표시를 각자 한 것이라고 할 것이고, 따라서 어떠한 원인으로든지 부부 사이에서 협의 이혼이 이루어지지 아니하면 부부의 각 의사표시는 그 조건의 불성취로 인하여 효력이 발생하지 아니한다.","원고(반소피고) 피고(반소원고) 주문1. 본소에 의하여, 원고(반소피고)와 피고(반소원고)는 이혼한다.2.원고(반소피고)는 피고(반소원고)에게 재산분할로 금 210,000,000원 및 이에 대한 이 판결 확정일 다음날부터 완제일까지 연 5%의 비율에 의한 금원을 지급하라.3. 피고(반소원고)의 나머지 반소청구를 기각한다.4. 소송비용은 본소 및 반소를 통하여 이를 4분하여 그 1은 원고(반소피고)의, 나머지는 피고(반소원고)의 각 부담으로 한다.청구취지 본소：주문 제1항과 같다.반소：원고(반소피고, 이하 '원고'라고 한다)와 피고(반소원고, 이하 '피고'라고 한다)는 이혼한다. 원고는 피고에게 위자료로 금 100,000,000원 및 이에 대한 이 사건 반소장 부본 송달 다음날부터 완제일까지 연 25%의 비율에 의한 금원을 지급하고 재산분할로 금 3,000,000,000원 및 이에 대한 이 판결 선고일부터 완제일까지 연 25%의 비율에 의한 금원을 지급하라.이유1. 본소 이혼 청구 및 반소 이혼 및 위자료 청구에 관하여가. 인정 사실갑 제1호증(을 제1호증과 같다), 갑 제2호증(을 제2호증과 같다), 갑 제3, 7호증(각 각서, 피고는 위 각서들이 강박에 의하여 작성된 것이라고 주장하나, 이에 부합하는 듯한 을 제25호증의 기재 및 증인 
        2의 증언은 믿지 아니하고 달리 이를 인정할 증거가 없다.), 갑 제5호증의 1 내지 6, 갑 제6호증의 1 내지 3, 갑 제16호증, 을 제8호증, 을 제9, 11, 12호증의 각 1, 2, 을 제18, 19, 20, 22, 25, 29, 31호증의 각 기재(단, 갑 제16호증, 을 제18, 19, 20, 22, 25, 29, 31호증의 각 기재 중 뒤에서 배척하는 부분 각 제외), 을 제14, 15, 16, 22호증, 을 제26호증의 1 내지 4, 을 제32호증, 을 제36호증의 1 내지 10의 각 영상, 증인 
        1, 
        2, 
        3의 각 증언(단, 위 증인들의 각 증언 중 뒤에서 배척하는 부분 각 제외), 감정인 김춘두의 필적감정 결과, 가사조사관 작성의 조사보고서의 내용에 변론의 전취지를 종합하면, 아래 사실들을 인정할 수 있고, 이에 반하는 듯한 갑 제16호증, 을 제18, 19, 20, 22, 25, 29, 31호증의 각 일부 기재와 증인 
        1, 
        2, 
        3의 각 일부 증언은 믿지 아니하며, 달리 반증이 없다.
      (1)원고는 1962. 2. 22. 
        소외 1과 혼인신고를 마치고 그녀와의 사이에 1962. 6. 8.생인 장남 
        소외 2, 1964. 4. 3.생인 차남 
        증인 1, 1967. 9. 11.생인 딸 
        소외 3을 두었는데, 위 
        소외 1이 1970. 4. 29. 사망하였다.
      (2)원고는 
        소외 1이 사망한 후 1973. 4.경 서울 동부이촌동 소재 레스토랑에서 근무하고 있던 23세 연하의 피고를 만나 성관계를 가졌고, 그 후로도 피고와 계속 성관계를 가지면서 피고에게 경제적인 도움을 주었다.
      (3) 원고가 47세 무렵이고 피고가 24세 무렵인 1978. 8.경 원고는 피고에게 원고 집에 들어와 살림을 해 달라고 부탁하였고, 피고가 이를 승낙하여 피고가 그 무렵부터 원고의 집에 들어가 살림을 하였는데, 그 당시 원고의 전처소생 장남 
        소외 2는 고등학교 1학년, 같은 차남 
        증인 1은 중학교 2학년, 같은 딸 
        소외 3은 초등학교 5학년에 각 재학중이었다. 원고는 위 자녀들의 교육을 생각하여 피고와 같은 방을 쓰지 않으면서 위 자녀들이 집에 없는 시간에 피고와 성관계를 가졌고, 피고는 위 
        소외 3과 같은 방을 썼다.

      (4) 한편으로 원고의 부모는 기도원에서 생활하고 있었는데, 원고의 아버지인 
        소외 4가 1980. 12. 26. 사망하자 원고의 어머니인 
        소외 5는 번갈아 가면서 원고의 형제자매들 집에서 기거하였고, 그에 따라 피고가 원고의 어머니를 모시는 때도 있었으며, 위 
        소외 5가 1992. 4. 12. 사망하였을 때 피고가 소복을 입고 장례에 참석하였다.

      (5) 원고는 위와 같이 피고를 자신의 집에 들어오게 한 후 피고의 가족들과 어울리는 것을 싫어하여 원고나 위 자녀들이 피고의 친정에 가는 일이 없었고, 피고의 친정식구들도 원고의 집에 찾아오지 않았는데, 원고가 1990.경 원고 소유의 서울 강남구 도곡동 소재 대지에 건물을 신축할 당시 피고의 남동생인 
        증인 3이 그 현장에 나가 공사를 돌보게 되어 위 신기철이 원고의 집에 드나들기도 하였다.

      (6) 원고의 형제자매들과 위 자녀들은 피고와 잘 지내려고 노력하여 피고와의 사이에 별다른 문제는 없었다. 피고는 원고의 전처소생 딸 
        소외 3이 고등학교에 다닐 때는 
        소외 3을 아침에 승용차로 등교시켜 주고, 밤에 승용차로 독서실에서 귀가시켜 주기도 하였다. 또한 원고의 전처소생 장남 
        소외 2는 1994.경 미국 코넬대학교에서 박사학위를 받을 당시 그 학위논문 서문에서 피고에 대하여 감사한 마음을 표시하기도 하였다.

      (7) 원고의 전처소생 장남 
        소외 2는 1989.경, 같은 차남 
        증인 1은 1990.경, 같은 딸 
        소외 3은 1991.경 각 결혼식을 올렸는데, 피고는 
        증인 1과 
        소외 3의 결혼식에 참석하였다.

      (8) 원고의 전처소생 자녀들이 위와 같이 모두 혼인하여 분가하자 피고는 취미생활로 화실에 나가 그림을 그렸는데, 그 실력을 인정받아 국선에 입선하기도 하였다. 피고는 1994. 5. 4. 원고의 주소지로 주민등록을 옮겼고, 그 후 원고가 66세 무렵이고 피고가 43세 무렵이던 1997. 10. 15. 원고와 피고는 혼인신고를 하였다.
(9) 피고는 위와 같이 혼인신고를 한 지 얼마 되지 않은 1998. 1.경부터 
        소외 6(일명 
        (이름 생략))이라는 남자와 사귀면서 외출을 자주 하고 늦게 귀가하는 일이 많았다. 이에 원고가 피고의 남자관계를 의심하면서 피고를 추궁하였고, 피고는 1998. 9. 16. 원고에게 ""이혼함에 있어 위자료를 비롯하여 일체 민·형사상의 어떤 청구도 하지 않겠습니다.""라는 각서를 작성해 주었고, 그 다음날인 1998. 9. 17. 원고에게 ""소외 6하고 1998. 1. 23.자로 만나서 1998. 9. 8.날까지 만나 간통한 것을 자인합니다. 남편인 당신께 죽을 죄를 졌습니다.""라는 각서를 또다시 작성해 주었다.

      (10) 원고는 위와 같이 피고로부터 두 차례에 걸쳐 각서를 작성받은 후 1998. 9. 17. 피고에게 ""신순복이가 작성한 각서(1998. 9. 17.자 간통에 관한 것)를 가지고 이혼을 요구하거나 형사소송의 증거로 사용하지 아니할 것을 각서함""이라는 각서를 작성해 주었다.
(11) 피고는 위와 같이 원고에게 각서를 작성해 준 후 1998. 9. 21. 집을 나갔고, 그러자 원고가 1998. 10. 21. 피고를 상대로 이혼을 구하는 이 사건 본소를 제기하였다. 그 후 피고는 원고에게 1998. 10. 26. 법원에서 만나 협의이혼을 하자고 하였다가 이혼할 수 없다고 하면서 1998. 11. 13. 원고를 상대로 이혼과 위자료 및 재산분할을 구하는 이 사건 반소를 제기하였다.
(12) 그 후 원고는 1998. 12. 28. 피고와 위 
        소외 6을 간통 혐의로 고소하였는데, 
        소외 6이 해외로 도피중이어서 1999. 2. 3. 서울지방검찰청에서 피고와 
        소외 6에 대하여 기소중지 처분을 마쳤다.

      나. 본소 이혼청구에 관한 판단(1) 위 인정 사실에 의하면, 원고와 피고 사이의 혼인관계는 더 이상 정상적인 부부관계로 회복될 수 없을 정도로 파탄되었다고 할 것이고, 그 원인은 피고가 
        소외 6과 부정행위를 하고 가출해 버린 잘못에 있어, 피고에게 혼인관계 파탄의 주된 책임이 있다고 할 것인바, 이는 민법 제840조 제1호, 제6호에 정하여진 재판상 이혼사유에 해당한다고 할 것이므로, 이를 이유로 하는 원고의 본소 이혼청구는 이유 있다.

      (2) 이에 관하여 피고는, 가사 피고가 위 
        소외 6과 부정행위를 하였다고 하더라도, 원고는 위 인정 사실에서 본 바와 같이 1998. 9. 17. 피고에게 ""피고가 작성한 각서(1998. 9. 17.자 간통에 관한 것)을 가지고 이혼을 요구하거나 형사소송의 증거로 사용하지 아니할 것을 각서함""이라는 각서를 작성해 줌으로써 피고의 부정행위를 용서하였거나 피고에 대한 이혼청구권을 포기하였으므로, 원고로서는 피고에 대하여 이혼을 구할 수 없다고 주장한다.

      살피건대, 위 인정 사실에 의하면, 피고가 1998. 1.경부터 외출을 자주 하고 늦게 귀가하는 일이 많아 원고가 피고의 남자관계를 의심하여 피고를 추궁하던 중 피고가 1998. 9. 16. 원고에게 위자료 등 일체의 재산적 청구 없이 이혼하겠다는 내용의 각서를 작성해 주고 그 다음날에는 피고가 1998. 1. 23.부터 같은 해 9. 8.까지 
        소외 6이라는 남자를 만나 간통하였음을 자인하는 내용의 각서를 원고에게 작성해 주자, 원고가 1998. 9. 17. 위와 같이 간통을 자인하는 피고의 각서에 기하여는 피고에 대하여 이혼을 요구하거나 그 각서를 형사소송의 증거로 사용하지 아니한다는 각서를 피고에게 작성해 준 것으로서, 이는 장차 원고와 피고 사이에서 협의이혼이 이루어질 것을 조건으로 하여, 피고는 원고에게 일체의 재산적 청구를 하지 않고. 원고도 피고의 간통에 관하여 별도의 책임을 묻지 않는다는 조건부 의사표시를 원고와 피고가 각자 한 것이라고 할 것이고, 따라서 어떠한 원인으로든지 원고와 피고 사이에서 협의이혼이 이루어지지 아니하면 원고와 피고의 위 각 의사표시는 그 조건의 불성취로 인하여 효력이 발생하지 아니한다고 할 것이다.

      그런데 위 인정 사실에 의하면, 피고는 원고가 위와 같은 1998. 9. 17.자 각서를 작성해 준 후 1998. 9. 21. 집을 나가 원고와의 협의이혼에 응하지 아니하였고, 원고는 1998. 10. 21. 피고를 상대로 이혼을 구하는 이 사건 본소를 제기하였으며, 피고도 1998. 11. 13. 원고를 상대로 이혼과 위자료 및 재산분할을 구하는 이 사건 반소를 제기하여 결국 원고와 피고 사이에서 협의이혼이 이루어지지 아니하였으므로, 원고가 위 1998. 9. 17.자 각서에 의하여 한 의사표시는 앞서 본 바와 같이 조건의 불성취로 인하여 효력이 발생하지 아니한다고 할 것이므로, 원고로서는 위 1998. 9. 17.자 각서에 기하여 한 의사표시에 따라 피고에 대하여 이혼을 구할 수 없다는 피고의 위 주장은 이유 없다.
다. 반소 이혼 및 위자료 청구에 관한 판단
피고는 이 사건 반소 이혼 및 위자료 청구원인으로, 피고는 20년 이상 원고와 그의 가족들을 위하여 헌신적으로 봉사하였는데, 원고는 평소 극심한 의처증으로 인하여 피고의 행동을 감시하고 피고로 하여금 그림을 그리는 취미생활조차 제대로 하지 못하도록 간섭하더니, 1998. 9.경 일주일 동안 피고를 감금한 채 수시로 구타하면서 피고의 남자관계를 자백하라고 강요하였고, 평소 피고를 멸시하고 구박하면서 원고 집에 피고의 친정식구들이 들어오지 못하게 하는 등 피고에게 심히 부당한 대우를 하여 원고와 피고 사이의 혼인관계가 파탄되었으므로, 원고에 대하여 이혼 및 위자료의 지급을 구한다고 주장한다.
살피건대, 원고가 위 주장과 같이 평소 극심한 의처증으로 인하여 피고의 
행동을 감시하고 피고로 하여금 취미생활조차 제대로 하지 못하도록 간섭하였
다거나 1998. 9.경 일주일 동안 피고를 감금한 채 수시로 구타하면서 피고의 
남자관계를 자백하라고 강요하였으며, 평소 피고를 멸시하고 구박하면서 원고 
집에 피고의 친정식구들이 들어오지 못하게 하는 등 피고에게 심히 부당한 대
우를 하였다는 점에 관하여는 앞서 믿지 아니한 증거들 이외에는 이를 인정할 
만한 증거가 없고, 위 인정 사실에 의하면, 원고가 피고의 가족들과 어울리는 
것을 싫어하여 원고나 그의 전처소생 자녀들이 피고의 친정에 가는 일이 없었
고 피고의 친정식구들도 원고의 집에 찾아오지 않았던 바는 있으나, 이러한 
사정만으로는 원고와 피고 사이의 혼인관계가 파탄된 주된 책임이 원고에게 
있다거나 원고의 책임이 더 무겁다고 할 수 없으며, 오히려 피고가 다른 남자
와 부정행위를 하고 가출해 버린 잘못으로 인하여 원고와 피고 사이의 혼인관
계가 파탄되어 그 주된 책임이 피고에게 있음은 앞서 본 바와 같으므로, 결국 
혼인관계 파탄의 주된 책임이 원고에게 있거나 원고의 책임이 더 무거움을 전
제로 한 피고의 반소 이혼 및 위자료 청구는 모두 이유 없다.
2. 반소 재산분할청구에 관하여
가. 재산분할청구권 포기 여부에 관한 판단
피고가 이 사건 반소로써 원고에 대하여 재산분할을 구함에 대하여 원고는, 피고는 앞서 인정 사실에서 본 바와 같이 1998. 9. 16. 원고에게 ""이혼함에 있어 위자료를 비롯하여 일체 민·형사상의 어떤 청구도 하지 않겠습니다.""라는 각서를 작성해 줌으로써 원고에 대한 재산분할청구권을 포기하였으므로, 피고로서는 원고에 대하여 재산분할을 구할 수 없다고 주장한다.
살피건대, 피고의 위와 같은 1998. 9. 16.자 각서는, 원고의 앞서 본 1998. 9. 17.자 각서와 마찬가지로 장차 원고와 피고 사이에서 협의이혼이 이루어질 것을 조건으로 하여 피고가 원고에게 일체의 재산적 청구를 하지 않는다는 의사표시를 한 것으로써, 그 후 원고와 피고 사이에서 협의이혼이 이루어지지 아니하여 원고가 위 1998. 9. 16.자 각서에 의하여 한 의사표시가 조건의 불성취로 인하여 효력이 발생하지 아니하였음은 앞서 본 바와 같으므로, 피고로서는 위 1998. 9. 16.자 각서에 기하여 한 의사표시에 따라 원고에 대하여 재산분할을 구할 수 없다는 원고의 위 주장은 이유 없다.
나. 인정 사실
그러므로 보건대, 다음 사실은 당사자 사이에 다툼이 없거나, 위에서 든 각 증거와 갑 제10, 11, 12호증, 갑 제13호증의 1, 2, 갑 제14호증, 갑 제15호증의 1 내지 5, 을 제3호증의 1 내지 3, 을 제4, 5호증의 각 1, 2, 을 제13호증, 을 제23호증의 1, 2, 을 제33 내지 35호증, 을 제38호증의 각 기재, 감정인 이재범 작성의 시가감정 결과에 변론의 전취지를 종합하여 이를 인정할 수 있다.
(1) 피고는 앞서 본 바와 같이 1978.경부터 원고의 집에 들어와 살림을 하면서 원고의 전처소생 자녀들의 뒷바라지를 하고 파출부의 도움을 받아 가사노동에 종사하였다. 원고는 피고가 위와 같이 원고의 집에 들어와 살림을 하기 이전인 1965.경 뚝섬에 염색공장을 설립하여 이를 운영하다가 1975.경부터 기계 및 염색가공용품의 수출입을 하는 진화교역 주식회사를 경영하였다.
(2) 원고는 1966. 3. 28. 서울 강남구 도곡동 452 대 302.3㎡ 및 같은 동 452의 1 대 231.3㎡에 관하여 1972. 9. 5. 서울 강남구 삼성동 141의 34 대 360.1㎡에 관하여 각 원고 명의로 소유권이전등기를 마쳤는데, 현재 위 도곡동 각 대지의 시가는 합계 960,480,000원이고, 위 삼성동 대지의 시가는 4,321,200,000원이다.
(3) 피고가 위와 같이 1978.경부터 원고의 집에 들어와 살림을 한 후, 원고는 서울 압구정동 소재 현대아파트를 처분하고 주식회사 우성건설로부터 서울 강남구 대치동 503 소재 개포1차 우성아파트 5동 303호를 분양받아 1984. 4. 23. 위 우성아파트에 관하여 원고 명의로 소유권이전등기를 마치고 현재까지 위 아파트에서 거주하고 있는데, 현재 위 아파트의 시가는 975,000,000원이다.
(4) 원고는 1990.경 자신이 하고 있던 사업을 모두 정리한 후 위 도곡동 각 대지에 지하 1층, 지상 4층의 근린생활시설 건물을 신축하여 1990. 12. 4. 원고 명의로 소유권보존등기를 마치고 이를 임대하고 있는데, 현재 위 건물의 시가는 542,713,400원이다.
(5) 또한, 원고는 위 삼성동 대지와 타인 소유의 같은 동 141의 33 대지에 지상 5층의 자동차관련시설 건물을 신축하여 1994. 10. 10. 위 건물에 대한 1/2지분에 관하여 원고 명의의 소유권보존등기를 마치고 이를 임대하고 있는데, 현재 위 건물에 대한 1/2지분의 시가는 354,408,100원이다.
(6) 피고는 원고로부터 받은 돈으로 인천 남동구 주안동 1582의 2 대 298.2㎡를 62,736,800원에 매수하여 1984. 12. 24. 피고 명의로 소유권이전등기를 마쳤다가 1991. 9. 11. 위 대지를 180,000,000원에 매도하였고, 역시 원고로부터 받은 돈으로 서울 강남구 개포동 660의 1 소재 아파트 309호를 매수하여 1987. 4. 25. 피고 명의로 소유권이전등기를 마쳤다가 1993. 12. 15. 위 아파트를 47,000,000원에 매도하였다.
(7) 피고는 위 주안동 대지를 매도한 대금 중 40,000,000원으로 원고 소유의 위 도곡동 건물 내 점포에 음식점 시설을 하고, 피고의 남동생인 
        증인 3이 임차보증금 20,000,000원을 지급하여 1991.경부터 1994.경까지 위 점포에서 위 
        증인 3 또는 
        소외 7이라는 사람과 함께 설렁탕 집을 경영하였는데, 피고는 그 경영수익을 
        증인 3과 2:1의 비율로 나누어 가지면서 그 일부를 원고와의 생활비에 충당하기도 하였다. 피고는 또한 위 주안동 대지를 매도한 대금을 1993.경 원고와 피고가 거주하던 위 대치동 우성아파트의 내부를 수리하는 공사비 등으로 지출하기도 하였다.

      (8) 피고는 원고로부터 받은 돈으로 서귀포시 색달동 1467 임야 2,420㎡를 매수하여 1981. 11. 26. 피고 명의로 소유권이전등기를 마쳤는데, 현재 위 임야의 시가는 15,972,000원(2,420㎡×6,600원)이다. 그리고 피고는 1997. 7. 19. 및 같은 해 12. 13. 한춘란에게 20,000,000원 및 30,000,000원, 합계 50,000,000원을 대여하고. 1997. 11.경 유정혜에게 12,000,000원을 1998. 4. 30. 주식회사 대동엔지니어링 대표이사 장곤식에게 150,000,000원을 각 대여하여 합계 212,000,000원(50,000,000원＋12,000,000원＋150,000,000원)의 대여금채권을 보유하고 있다. 또한 피고는 1997. 12. 16. 대한생명보험 주식회사에 100,000,000원의 보험금을 납입하여 현재 이를 보유하고 있다.
다. 재산분할의 대상
(1) 위 인정 사실에 의하면, 다음과 같은 재산이 이 사건 재산분할의 대상이 된다고 할 것이다.
① 원고 명의의 도곡동 각 대지 시가 합계 960,480,000원 상당
② 원고 명의의 삼성동 대지 시가 4,321,200,000원 상당
③ 원고 명의의 대치동 우성아파트 시가 975,000,000원 상당
④ 원고 명의의 도곡동 건물 시가 542,713,400원 상당
⑤ 원고 명의의 삼성동 건물에 대한 1/2지분 시가 354,408,100원 상당
⑥ 피고 명의의 색달동 임야 시가 15,972,000원 상당
⑦ 피고 명의의 한○란, 유○혜, 
        소외 6에 대한 각 대여금채권 합계 212,000,000원

      ⑧ 피고 명의의 보험금 합계 100,000,000원
[합계 7,481,773,100원]
(2) 피고는 이 사건 재산분할의 대상에 관하여, 피고가 위 보험금 100,000,000원을 담보로 대한생명보험 주식회사로부터 돈을 대출받았으므로 그 대출금채무도 이 사건 재산분할의 대상이 된다고 주장하나, 피고가 위 주장과 같이 돈을 대출받았음을 인정할 만한 아무런 증거가 없으므로, 위 주장은 이유 없다.
라. 재산분할의 방법과 정도
(1) 위에서 본 바와 같은 분할대상 재산의 형태, 그 이용상황 및 현재의 소유명의와 취득경위 등 이 사건 변론에 나타난 제반사정을 종합하여 보면, 이 사건 재산분할은 그 대상재산을 모두 현재의 보유상황대로 원고와 피고에게 확정적으로 귀속시키면서, 그 결과 이 사건 재산분할로 피고에게 궁극적으로 귀속되어야 할 금액에 미달하는 부분이 있으면 원고가 이를 금전으로 정산하는 방법에 의하는 것이 상당하다고 한 것이다.
(2) 그러므로 보건대, 분할대상 재산의 취득경위 및 이용상황, 그 형성 및 유지에 대한 피고의 협력정도, 원고와 피고의 나이, 혼인생활의 과정, 계속기간, 파탄경위, 이혼 후 원고와 피고의 생활능력 등과 아울러 위 분할대상 재산 중 원고 명의의 도곡동 각 대지 및 삼성동 대지는 피고가 원고의 집에 들어와 살림을 하기 이전에 원고가 취득한 재산이고, 원고 명의의 나머지 분할대상 재산은 모두 부동산으로서 그 유지에 피고의 협력이 크게 필요하지는 아니한 점 등 이 사건 변론에 나타난 제반사정을 종합하여 보면, 이 사건 재산분할로 피고에게 궁극적으로 귀속되어야 할 금액은, ① 원고 명의의 위 도곡동 각 대지의 시가 960,480,000원, 위 삼성동 대지의 시가 4,321,200,000원의 합계 5,281,680,000원(960,480,000원＋4,321,200,000원)의 1/20인 264,084,000원(5,281,680,000원×1/20)과, ② 나머지 분할대상 재산인 원고 명의의 대치동 우성아파트의 시가 975,000,000원, 원고 명의의 도곡동 건물의 시가 542,713,400원, 원고 명의의 삼성동 건물에 대한 1/2지분의 시가 354,408,100원, 피고 명의의 색달동 임야의 시가 15,972,000원, 피고 명의의 대여금채권 합계 212,000,000원, 피고 명의의 보험금 100,000,000원의 합계 2,200,093,500원(975,000,000원＋542,713,400원＋354,408,100원＋15,972,000원＋212,000,000원＋100,000,000원)의 l/ 8인 275,011,687원(2,200,093,500원×1/8)을 합한, ③ 539,095,687원(264,084,000원＋275,011,687원)에 약간 미달하는 정도라고 인정된다.
(3) 따라서 원고는 피고에게 재산분할로 위와 같은 539,095,687원에서 피고가 현재 보유하고 있는 순자산액인 327,972,000원(서귀포시 임야 15,972,000원＋대여금채권 합계 212,000,000원＋보험금 100,000,000원)을 공제한 211,123,687원(539,095,687원－327,972,000원)에 약간 미달하는 210,000,000원 및 이에 대하여 그 지급의무가 확정되는 이 판결 확정일 다음날부터 완제일까지 민법에서 정한 연 5%의 비율에 의한 지연손해금을 지급할 의무가 있다.
3. 결　　론
그렇다면 원고의 본소 이혼청구는 이유 있어 이를 인용하고, 피고의 반소 재산분할청구에 대하여는 위 인정과 같이 정하며, 피고의 나머지 반소청구는 이유 없어 이를 기각하기로 하여 주문과 같이 판결한다.
판사 고의영(재판장) 박정화 박정화 "
71223,이혼·재산분할등,98드62958,서울가정법원,"[1]남편이 아내에게 생활비를 잘 주지 않으면서 수시로 욕설을 하고 폭행을 가하여 정상적인 부부관계로 회복될 수 없을 정도로 파탄된 경우, 민법 제840조 제3호, 제6호 소정의 재판상 이혼사유에 해당한다고 한 사례.[2]부부 일방이 혼인관계가 파탄되어 이혼 및 재산분할 등의 소가 제기된 이후 금원을 차용하여 부부 공동의 노력으로 형성된 여관을 수리한 경우, 당해 차용금 채무는 재산분할의 대상으로 삼을 수 없다고 한 사례.","원  고 피 고 주문1. 원고와 피고는 이혼한다.2.피고는 원고에게 위자료로 금 50,000,000원 및 이에 대한 1998. 8. 20.부터 완제일까지 연 25%의 비율에 의한 금원을 지급하라.3.피고는 원고에게 재산분할로 금 500,000,000원 및 이에 대한 이 판결 확정일 다음날부터 완제일까지 연 5%의 비율에 의한 금원을 지급하라.4. 사건본인들의 친권행사자 및 양육자로 원고를 지정한다.5.피고는 원고에게 사건본인들에 대한 양육비로 1998. 8. 20.부터 2001. 8. 16.까지는 매월 금 1,000,000원씩을, 그 다음날부터 2004. 3. 24.까지는 매월 금 500,000원씩을 각 매월 말일에 지급하라.6. 원고의 나머지 청구를 기각한다.7.소송비용은 이를 3분하여 그 1은 원고의, 나머지는 피고의 각 부담으로 한다.8. 제2항은 가집행할 수 있다.청구취지 주문 제1항, 제2항 및 피고는 원고에게 재산분할로 금 1,000,000,000원 및 이에 대한 이 판결 확정일 다음날부터 완제일까지 연 25%의 비율에 의한 금원을, 사건본인들에 대한 양육비로 이 사건 소장부본 송달 다음날부터 2001. 8. 17.까지는 매월 금 2,000,000원, 그 다음날부터 2004. 3. 25.까지는 매월 금 1,000,000원씩을 매월 말일에 지급하라.이유1. 이혼청구에 관하여가. 인정 사실다음 사실은 당사자 사이에 다툼이 없거나, 갑 제1호증, 갑 제3호증, 갑 제4호증의 1, 갑 제5호증의 1(각서, 피고는 위 각서 중 피고의 인영이 도용되고, 피고의 서명이 위조되었다고 주장하나, 감정인 
        1의 필적감정 결과만으로는 이를 인정하기에 부족하고 달리 이를 인정할 증거가 없다.), 갑 제6호증의 1, 2, 갑 제7호증, 갑 제10호증, 을 제5호증의 1, 2의 각 기재, 갑 제4호증의 2, 갑 제5호증의 2의 각 영상, 증인 
        1, 
        2, 
        3, 
        4(단, 위 증인들의 각 증언 중 뒤에서 배척하는 부분 각 제외)의 각 증언, 감정인 
        2의 필적감정결과, 가사조사관 작성의 조사보고서의 내용에 변론의 전취지를 종합하여 이를 인정할 수 있고, 이에 반하는 을 제18호증의 기재, 증인 
        1, 
        2, 
        3, 
        4의 각 일부 증언은 이를 믿지 아니하며, 달리 반증이 없다.

      (1) 원고와 피고는 1980. 8. 8. 결혼식을 올리고 1981. 1. 22. 혼인신고를 마쳤으며, 슬하에 사건본인들을 두고 있다.
(2) 피고는 원고와 결혼식을 올리기 이전인 1975. 1. 5. 
        소외 1과 혼인신고를 마쳤다가 1979. 12. 29. 협의이혼한 바가 있었는데, 피고가 이를 원고에게 이야기하지 않아 원고가 1980. 7. 말경 뒤늦게 알게 되었으나 원고는 이미 결혼식 날짜를 정해 놓고 결혼준비도 다 되어 있는 상태이어서 문제삼지 않고 피고와 결혼하였다.

      (3) 피고는 신혼 초부터 원고에게 생활비를 잘 주지 않아 원고는 피고로부터 하루하루의 생활비를 타내기 위해서 힘겨운 싸움을 벌여야 했고, 원고가 피고에게 부족한 생활비를 달라고 요구하면 피고는 원고에게 욕설을 하고 구타도 자주 하였다.
(4) 피고는 1986. 7. 14. 원고의 목을 조르고 원고의 전신을 무차별 구타하여 원고로 하여금 약 4주간의 치료를 요하는 상해를 입게 하였다가 앞으로는 그런 일이 없도록 노력하고 또다시 그런 일이 일어날 경우 무슨 벌이라도 달게 받겠다는 취지의 각서를 원고에게 작성해 주었는데, 1989. 10. 16. 또 다시 원고의 얼굴에서 유혈이 낭자할 정도로 원고를 마구 때리기도 하였다.
(5) 한편, 원고와 피고는 1990. 5.경 서울 종로구 효제동에 백제장 여관을 신축하여 이를 임대하였고, 그 후 원고가 1994. 9. 9.경부터 위 여관을 직접 운영하기 시작하였다. 원고는 휴일 없이 매일 위 여관에 출근하여 운영 초기에는 매일 새벽 3-4시까지, 그 이후에는 새벽 1시까지 일하였다.
(6) 피고는 
        (상호 생략)공업사라는 상호의 자동차부품 가게를 운영하면서 매일 위 여관에 나와서 그 운영수익금을 가져가면서도 원고에게 생활비와 사건본인들의 교육비를 잘 주지 않아 원고는 위 여관 운영수익금 중에서 1995. 3.경까지는 매일 60,000원씩, 그 이후부터는 매일 80,000원씩을 가져가고 이를 장부에 기재하였다.

      (7) 원고와 피고는 1995. 말경 생활비 문제로 부부싸움을 하게 되었는데, 이를 본 피고의 어머니 
        증인 3이 싸움을 말리자 피고는 자신의 어머니를 구타하여 허리를 다치게 하였다.

      (8) 원고는 사건본인들을 생각하여 참고 살았으나, 피고가 생활비도 잘 주지 않고 계속하여 원고를 구타하자 냉각기를 갖기 위하여 1996. 10. 30. 서울 노원구 상계동 소재 아파트를 전세로 얻어 사건본인들과 함께 거주하면서 피고와 별거하였다.
(9) 원고는 피고와 별거한 이후에도 위 여관에 나와 그 운영을 도맡아 하였는데, 피고는 여관관리 부대비용이 많이 든다는 등의 이유로 원고를 여러 차례 구타하여 원고는 항상 피고에게 맞지 않을까 두려움에 떨면서 생활하였다.
(10) 그러던 중 피고가 1998. 5. 9. 밤에 갑자기 위 여관에 나타나자 원고가 겁을 먹고 도망을 갔고, 원고를 쫓아가다가 놓쳐버린 피고는 화가 나 위 여관 앞에 주차되어 있던 원고의 승용차를 해머로 부수어 버렸다. 그 후 원고가 위 여관 운영수익금 중에서 위 승용차 수리비로 700,000원을 가져가고 이를 장부에 기재하였는데, 그 장부를 본 피고가 원고를 닦달하여 원고는 10일간 위 여관 운영수익금에서 생활비를 가져가지 않았다.
(11) 피고는 1998. 6. 8. 자신의 동생인 
        증인 4에게 위 여관의 운영을 맡기면서 원고를 위 여관에 나오지 못하게 하고, 그 무렵부터 원고에게 생활비로 돈을 일부 보내주고 있다.

      (12) 원고는 더 이상 피고와 살 수 없다고 생각하고 1998. 8. 6. 이 법원에 이 사건 소를 제기하였다.
나. 판　단
위 인정 사실에 의하면, 원고와 피고 사이의 혼인관계는 피고가 원고에게 생활비를 잘 주지 않으면서 원고에게 수시로 욕설을 하고 폭행을 가한 잘못으로 인하여 더 이상 정상적인 부부관계로 회복될 수 없을 정도로 파탄되었다 할 것이어서 피고에게 혼인관계 파탄의 주된 책임이 있다고 할 것인바, 위와 같은 피고의 행위는 민법 제840조 제3호, 제6호에 정하여진 재판상 이혼사유에 해당한다고 할 것이므로, 이를 이유로 하는 원고의 이혼청구는 이유 있다.
2. 위자료 청구에 대한 판단
피고의 위와 같은 행위로 인하여 혼인생활이 파탄됨으로 인하여 원고가 심한 정신적 고통을 받았을 것임은 경험칙상 명백하므로 피고는 이를 금전으로나마 위자할 의무가 있다고 할 것인바, 원고와 피고의 나이, 직업, 재산정도, 신분관계, 혼인생활의 과정과 계속기간 및 파탄경위 등 이 사건 변론에 나타난 제반사정을 참작하면, 피고는 원고에게 위자료로 50,000,000원을 지급함이 상당하다고 할 것이다.
따라서 피고는 원고에게 위자료로 50,000,000원 및 이에 대하여 이 사건 소장 부본 송달 다음날이 기록상 명백한 1998. 8. 20.부터 완제일까지 소송촉진등에관한특례법에서 정한 연 25%의 비율에 의한 지연손해금을 지급할 의무가 있다.
3. 재산분할청구에 관하여
가. 인정 사실
다음 사실은 당사자 사이에 다툼이 없거나 위에서 든 각 증거와 갑 제2호증의 1 내지 4, 갑 제8호증, 갑 제9호증의 1 내지 14, 갑 제11호증의 1 내지 5, 갑 제12호증, 갑 제13호증, 갑 제24호증의 1, 을 제4호증의 1, 2(을 제26호증의 1, 2와 같다), 을 제9호증의 1 내지 5, 을 제13 내지 15호증, 을 제16호증의 1 내지 23, 을 제22호증, 을 제23호증의 1, 2, 을 제24호증의 1, 을 제25호증의 1, 2의 각 기재, 감정인 김○섭의 시가감정 결과, 이 법원의 중앙감정평가법인, 신한은행 청계지점장에 대한 각 사실조회 결과에 변론의 전취지를 종합하여 이를 인정할 수 있고, 을 제7호증의 기재는 위 인정에 방해가 되지 아니하며, 달리 반증이 없다.
(1) 원고와 피고는 1980. 8.경 서울 동대문구 장안동 소재 5,000,000원의 전세방에서 혼인생활을 시작하였는데, 피고는 결혼 전인 1978. 4. 6. 서울 성동구 용답동 136의 11 대 119.3㎡ 및 그 지상 주택 및 점포에 관하여 피고 명의로 소유권이전등기를 경료하여 이를 소유하고 있었고, 원고와의 혼인 이전부터 서울 청계천 3가에서 
        (상호 생략)공업사라는 상호로 자동차부품 가게를 운영하였으며, 혼인생활을 시작하였을 당시 원고는 가사에 전념하였다.

      (2) 그 후 피고가 서울 종로구 효제동 179의 2 대 99.2㎡ 및 그 지상주택을 매수하여 원고와 피고가 위 주택으로 이사하였고, 피고는 1981. 11. 17. 위 대지에 관하여 피고 명의로 소유권이전등기를 경료하였다. 원고는 위 효제동 주택으로 이사한 후부터 피고가 경영하는 자동차부품 가게의 자재운반 및 조립 등의 작업을 도와주었다.
(3) 한편, 1989. 초경 
        소외 2가 원고와 피고의 위 효제동 주택에 인접한 서울 종로구 효제동 176의 8 대 69.4㎡ 및 176의 9 대 119㎡를 매수하여 그 지상에 여관을 신축하면서 그 공사로 인하여 이웃집들에 금이 가고 지반이 내려앉게 되었는데, 원고가 주도적으로 나서 구청에 민원을 제기하는 등 위 공사를 저지하자, 
        소외 2는 원고가 위 대지를 매수하여 여관을 신축할 것을 원고에게 제의하였다.

      (4) 이에 원고와 피고가 1989. 5. 23. 위 효제동 176의 8 대 69.4㎡, 176의 9 대 119㎡를 매수하여 1989. 7. 7. 피고 명의로 각 소유권이전등기를 경료한 후 그 지상에 백제장 여관 5층 건물을 신축하여 1990. 5. 12. 위 여관에 관하여 피고 명의로 소유권보존등기를 경료하였고, 1999. 7. 5. 현재 위 여관의 시가는 1,159,136,100원 상당이다.
(5) 위 여관 신축 당시 원고의 오빠인 
        증인 1이 원고의 부탁에 따라 신축일을 맡았고, 1989. 4. 7. 피고가 그 소유의 위 용답동 대지 및 그 지상 건물을 매도하고, 같은 무렵 원고와 피고 및 
        증인 1이 위 효제동 대지 등에 관하여 그들 자신을 채무자로 하여 주식회사 한중상호신용금고에 근저당권을 설정하여 주고 돈을 대출받는 한편, 피고가 그의 사촌누나인 
        소외 3으로부터 돈을 차용하는 등 하여 위 여관 신축자금을 마련하였는데, 위 한중상호신용금고에 대한 채무는 1996. 3.경 모두 변제하였으나 
        소외 3에 대한 채무는 변제하지 못하여 피고가 현재 
        소외 3에 대하여 160,000,000원의 채무를 부담하고 있다.

      (6) 피고는 1990. 5. 12. 위 여관에 관하여 그 명의로 소유권보존등기를 경료한 후 위 여관을 임차보증금 200,000,000원에 
        소외 4에게 임대하였다가 1991. 4. 15. 임차보증금 412,000,000원에 위 여관을 
        소외 5에게 임대하여 
        소외 5가 1994. 9.경까지 위 여관을 운영하였다. 위 임차보증금 412,000,000원은 피고가 1996. 2. 29.까지 
        소외 5에게 전액 반환하였다.

      (7) 원고와 피고는 위 여관운영이 생각보다 잘 되자 여관을 직접 운영하기로 하여 원고가 1994. 9. 9.부터 1998. 8. 6.까지 위 여관의 운영을 도맡아 하였고, 위 여관은 그 운영에 필요한 급료, 부식비, 야식비, 잡비, 제세공과금, 광열비, 차량유지비, 가구·집기비용, 소모품 비용, 서비스 비용 등을 공제하고 월 20,000,000원 정도의 순이익을 올리고 있다.
(8) 원고가 위 여관운영에 힘을 쏟고 있는 동안 피고는 자동차부품 가게를 계속 운영하였는데, 이를 위하여 1995. 2. 20. 
        소외 6으로부터 임차보증금 3,200,000원에 서울 종로구 입정동 239 소재 건물 1층 3호실을 임차하였고, 현재 위 자동차부품 가게에 있는 기계 등 동산의 시가가 합계 3,170,000원 정도이다.

      (9) 한편으로 피고는 1996. 3. 20.부터 1999. 6. 15.까지 사이에 주식회사 신한은행 청계지점에 위 여관 운영수익금 등을 예금하였는데, 그 중 계좌번호 393-20-001891 상호부금 계좌를 1998. 6. 1.에 해지하여 130,000,000원을, 계좌번호 393-08-000315 정기적금 계좌를 1999. 6. 15.에 해지하여 60,000,000원을 각 인출하여 합계 190,000,000원을 인출하였고, 1999. 9. 28. 현재 나머지 계좌에 48,549,675원의 예금을 보유하고 있다.
(10) 피고는 또한 위 여관 건물 및 대지에 관하여 1996. 3. 21. 주식회사 신한은행 앞으로 채권최고액 480,000,000원의 근저당권설정등기를 1996. 3. 27. 같은 은행 앞으로 채권최고액 120,000,000원의 근저당권설정등기를 각 경료하여 주면서 돈을 대출받아, 현재 위 은행에 대하여 382,799,015원의 채무를 부담하고 있다.
(11) 피고는 위 여관운영비 등으로 사용하기 위하여 1996. 10.경 
        2로부터 70,000,000원을 차용하였다가 그 차용금을 제때에 변제하지 않아 1999. 9. 21. 현재 22,536,875원 및 그 중 19,000,000원에 대한 지연손해금 채무를 부담하고 있다.

      (12) 원고와 피고는 1994. 7. 2. 임차보증금 100,000,000원에 서울 종로구 명륜동 2가 4 소재 아남아파트 102동 1001호를 임차하여 그 곳에 거주하였는데, 원고와 피고가 1996. 가을경 별거하게 됨에 따라 피고가 위 임차보증금을 반환받아 그 중 60,000,000원을 원고에게 주어 원고가 1996. 10. 30. 그 돈으로 주거를 마련하였고, 피고는 1996. 9. 29. 
        소외 7로부터 임차보증금 30,000,000원에 서울 종로구 명륜동 2가 8의 11 소재 주거용 건물을 임차하여 그 곳에 거주하고 있다.

      (13) 피고는 1998. 6. 18. 위 여관 지하층을 
        소외 8에게 보증금 40,000,000원에 임대하였다.

      (14) 원고는 1996. 2. 8. 마르샤 승용차를 구입하여 그 명의로 등록하고 이를 운행하고 있는데, 현재 위 차량의 시가는 4,830,000원 정도이다.
나. 재산분할의 대상(1) 위 인정 사실에 의하면,　다음과 같은 재산이 재산분할의 대상이 된다고 할 것이다.
① 피고 명의의 서울 종로구 효제동 176의 8 대 69.4㎡, 176의 9 대 119㎡, 179의 2 대 99.2㎡ 및 그 백제장 여관 5층 건물 시가 합계 1,159,136,100원 상당
② 피고의 
        소외 6에 대한 
        (상호 생략)공업사 임차보증금 반환채권 3,200,000원

      ③ 피고의 
        (상호 생략)공업사 기계 등 동산 3,170,000원

      ④ 피고의 
        소외 7에 대한 임차보증금 반환채권 30,000,000원

      ⑤ 피고가 주식회사 신한은행 청계지점에서 인출한 현금 190,000,000원과 같은 지점에 예금하고 있는 48,549,675원, 합계 238,549,675원
⑥ 원고의 임차보증금 반환채권 60,000,000원
⑦ 원고의 마르샤 승용차 4,830,000원 상당
[합계 1,498,885,775원]
(2) 피고의 주장에 대한 판단
피고는, 그가 1996. 2. 19. 김용근에게 412,000,000원의 임차보증금을 반환하기 위하여 
        증인 4로부터 50,000,000원을 차용하였다가 
        증인 2로부터 70,000,000원을 차용하여 위 
        증인 4에 대한 채무를 변제하였고, 
        증인 2에 대한 위 차용금을 변제하기 위하여 
        소외 3으로부터 50,000,000원을 차용하였으므로, 
        소외 3에 대한 위 50,000,000원의 차용금채무도 재산분할의 대상이 되어야 한다고 주장한다.

      살피건대, 피고가 
        소외 3으로부터 50,000,000원을 차용하였음을 인정할 아무런 증거가 없으므로, 피고의 위 주장은 이유 없다.

      다음으로 피고는, 그가 위 여관 내부의 수리공사 대금을 마련하기 위하여 
        소외 3으로부터 90,000,000원을, 
        증인 4로부터 138,000,000원을 차용하였으므로. 위 차용금 채무도 재산분할의 대상이 되어야 한다고 주장한다.

      살피건대, 을 제10호증의 1, 2, 을 제11호증의 1 내지 12, 을 제12호증의 1, 2, 을 제13호증의 1 내지 3의 각 기재 및 증인 
        4의 증언에 의하면, 피고가 1999. 7. 20.부터 1999. 10. 5.까지 사이에 위 여관을 휴업하면서 위 여관의 수리공사를 시행하였고, 그 수리공사 대금을 마련하기 위하여 이부두로부터 1999. 7. 3.에 45,000,000원 1999. 7. 6.에 45,000,000원 등 합계 90,000,000원을 차용하고, 
        증인 4로부터 1999. 8. 10.에 75,000,000원, 1999. 8. 24.에 38,000,000원, 1999. 9. 6.에 25,000,000원 등 합계 138,000,000원을 각 차용한 사실은 인정되나, 피고가 위 수리공사를 시행한 것은 원고와 피고 사이의 혼인관계가 파탄되어 원고가 1998. 8. 6. 이 사건 소를 제기한 이후이고, 피고가 위 수리공사를 시작하기 이전인 1999. 7. 5.을 기준으로 위 여관의 시가를 평가하여 이를 재산분할 대상으로 삼은 것은 앞서와 같은 이상, 위 수리공사를 위한 위 각 차용금 채무를 별도로 재산분할 대상으로 삼을 수는 없다고 할 것이므로, 피고의 위 주장도 이유 없다.

      다. 재산분할의 방법과 정도
위에서 본 바와 같은 분할대상 재산의 형태, 그 이용상황 및 현재의 소유명의와 취득경위 등 이 사건 변론에 나타난 제반사정을 종합하여 보면, 이 사건 재산분할은 그 대상재산을 모두 현재의 보유상황대로 원고와 피고에게 확정적으로 귀속시키면서, 그 결과 이 사건 재산분할로 원고에게 궁극적으로 귀속되어야 할 금액에 미달하는 부분이 있으면 피고가 이를 금전으로 정산하는 방법에 의하는 것이 상당하다고 할 것이다.
그러므로 보건대, 분할대상 적극재산의 취득경위 및 이용상황, 그 형성 및 유지에 대한 원고의 협력정도, 분할대상 소극재산의 발생원인 및 위 적극재산과의 관련 정도, 원고와 피고의 연령, 혼인생활의 과정과 파탄경위 등과 아울러 분할대상 적극재산 중의 하나인 백제장 여관의 신축 이후 그 운영수익금의 상당 부분을 피고가 수취하였고, 위 여관을 현재의 보유상황대로 피고에게 확정적으로 귀속시킬 경우 피고가 향후 상당한 정도의 운영수익금을 계속적으로 얻을 수 있을 것으로 예상되는 사정 및 기타 이 사건 변론에 나타난 제반사항을 종합하여 보면, 이 사건 재산분할로 원고에게 궁극적으로 귀속되어야 할 금액은 앞서 본 분할대상 적극재산액 1,498,885,775원에서 앞서 본 분할대상 소극재산액 605,335,890원을 공제한 순자산액 893,549,885원의 65%인 580,807,425원에 약간 못미치는 정도라고 인정된다.
따라서 피고는 원고에게 재산분할로 위와 같은 580,807,425원에서 원고가 현재보유하고 있는 순자산액인 64,830,000원(임차보증금 반환채권액 60,000,000원＋차량가액 4,830,000원)을 공제한 나머지 515,977,425원에 약간 못미치는 500,000,000원 및 이에 대하여 그 지급의무가 확정되는 이 판결 확정일 다음날부터 완제일까지 민법에서 정한 연 5%의 비율에 의한 지연손해금을 지급할 의무가 있다.
4. 친권행사자 및 양육자 지정, 양육비 청구에 관하여
앞에서 본 바와 같은 원고와 피고의 혼인생활 과정과 파탄경위, 사건본인들의 연령 및 의사, 원고와 피고의 사건본인들에 대한 애정의 정도, 원고가 사건본인들을 양육하고 있는 점 등 이 사건 변론에 나타난 제반사정을 종합하여 보면, 사건본인들의 친권행사자 및 양육자로 원고를 지정함이 사건본인들의 원만한 성장과 복지를 위하여 보다 타당하다고 할 것이다.
또한 위와 같이 사건본인들의 친권행사자 및 양육자로 원고가 지정된 이상 피고는 원고와 함께 사건본인들을 공동으로 양육할 책임이 있는 아버지로서 사건본인들의 양육비를 분담하여야 할 의무가 있다 할 것인데, 피고가 분담하여야 할 양육비의 액수는 사건본인들의 연령 및 교육상황, 원고와 피고의 연령 및 신분관계, 재정상태 등 이 사건 변론에 나타난 모든 사정을 감안하면, 사건본인 1인당 매월 500,000원씩으로 정함이 상당하다 할 것이므로, 피고는 원고에게 원고가 구하는 바에 따라 이 사건 소장부본 송달 다음날임이 기록상 명백한 1998. 8. 20.부터 사건본인 
        1이 성년에 달하기 전날인 2001. 8. 16.까지는 사건본인 
        1 및 
        사건본인 2의 양육비로 매월 1,000,000원씩을, 그 다음날부터 사건본인 
        2가 성년에 달하기 전날인 2004. 3. 24.까지는 사건본인 
        2의 양육비로 매월 500,000원씩을 각 매월 말일에 지급할 의무가 있다고 할 것이다.

      5. 결　　론
그렇다면 원고의 이혼 및 위자료청구는 이유 있어 이를 각 인용하고, 원고의 재산분할청구, 친권행사자 및 양육자 지정, 양육비 청구에 관하여는 위 인정과 같이 정하며, 원고의 나머지 청구는 이유 없어 이를 기각하기로 하여 주문과 같이 판결한다.
판사 고의영(재판장) 박정화 박정화 "
79068,이혼및위자료,99므180,대법원,"  [1] 민법 제840조 제3호 소정의 이혼사유인 '배우자로부터 심히 부당한 대우를 받았을 때'라고 함은 혼인 당사자의 일방이 배우자로부터 혼인관계의 지속을 강요하는 것이 가혹하다고 여겨질 정도의 폭행이나 학대 또는 중대한 모욕을 받았을 경우를 말하는 것이고, 같은 조 제6호 소정의 이혼사유인 '기타 혼인을 계속하기 어려운 중대한 사유가 있을 때'라 함은 부부간의 애정과 신뢰가 바탕이 되어야 할 혼인의 본질에 상응하는 부부공동생활관계가 회복할 수 없을 정도로 파탄되고 그 혼인생활의 계속을 강제하는 것이 일방 배우자에게 참을 수 없는 고통이 되는 경우를 말하는 것이다.  [2] 만 75세의 처가 민법 제840조 제3호, 제6호 소정의 이혼사유가 있음을 전제로 만 83세의 남편을 상대로 제기한 이혼청구에 대하여 심히 부당한 대우를 받았다거나 혼인관계가 회복할 수 없을 정도로 파탄에 이르렀다고 볼 수 없다는 이유로 이혼청구를 기각한 원심판결을 수긍한 사례.","원고,상고인 피고,피상고인 원심판결 
서울고법  1998. 12. 30. 선고 98르2525 판결주문  상고를 기각한다.  상고비용은 원고의 부담으로 한다.이유  상고이유를 판단한다.민법 제840조 제3호 소정의 이혼사유인 '배우자로부터 심히 부당한 대우를 받았을 때'라고 함은 혼인 당사자의 일방이 배우자로부터 혼인관계의 지속을 강요하는 것이 가혹하다고 여겨질 정도의 폭행이나 학대 또는 중대한 모욕을 받았을 경우를 말하는 것이고, 제6호 소정의 이혼사유인 '기타 혼인을 계속하기 어려운 중대한 사유가 있을 때'라 함은 부부간의 애정과 신뢰가 바탕이 되어야 할 혼인의 본질에 상응하는 부부공동생활관계가 회복할 수 없을 정도로 파탄되고 그 혼인생활의 계속을 강제하는 것이 일방 배우자에게 참을 수 없는 고통이 되는 경우를 말하는 것이다(대법원 1999. 2. 12. 선고 97므612 판결 참조).
        원심판결 이유에 의하면, 원심은 피고는 1933. 4. 26. 소외 
        1와 혼인하여 1남을 얻은 후 1944. 6. 5. 협의이혼하고 이어 같은 해 10. 19. 소외 
        2과 혼인하였다가 그녀가 1946. 4. 27. 사망하자 같은 해 10. 2. 원고와 혼인하여 원고와 사이에 1남 3녀를 둔 사실, 피고는 원고와의 혼인기간 내내 자신이 경제권을 쥐고 생활비 절약을 위하여 원고에게 쌀과 반찬을 대어주는 이외에는 생계를 유지하기에 빠듯한 정도의 생활비만을 지급하여 원고는 하숙을 치거나 담배가게, 손수레보관소 등을 경영하여 그 수입을 생활비에 보태는 힘든 생활을 해 온 사실, 피고는 혼인 초기 영어교사로 근무하던 원고를 사직시켜 살림만을 하도록 하는 등 가부장적인 권위를 내세워 집안을 다스려 온 사실, 피고는 고령이 된 이후 원고를 이유 없이 의심하여 원고가 전처 소생의 아들과 불륜 관계를 가졌다고 하는가 하면 공공연히 자녀들이 자신의 친생자가 아니라고 하기도 하고, 집에 감춰둔 돈을 원고가 가져갔다고 윽박지르는 등 하였으며, 집안에서 화장실 문을 열어둔 채로 대소변을 보거나 벌거벗은 채로 집안을 돌아다니는 일이 잦아진 사실, 피고는 1997. 5. 28.경 정신병원에서 진찰을 받아 본 결과 망상장애의 의심이 간다는 소견을 받았으나 진찰 도중에 집으로 가버려서 원고가 약만 받고 돌아온 적도 있는 등 피고가 위 증상의 치료를 거부하고 있는 사실, 원고가 1997. 5.경 피고 건물의 매도대금의 일부인 금 53,000,000원을 피고 대신 받고서도 피고에게 건네주지 아니하여 그로 인한 부부간의 다툼 끝에 그 무렵 큰딸 집으로 가출하고, 이에 피고는 같은 해 6. 9. 원고를 절도죄로 고소하고 같은 해 6. 12. 이혼소송을 제기하였다가 취하한 사실 등을 인정한 다음, 비록 피고가 원고에게 생활비를 적게 주어 원고로 하여금 경제적으로 어려운 생활을 하도록 하고 가부장적 권위로 원고를 대해 오는 한편 고령이 되어 원고를 이유 없이 의심하는 언행을 보인 적은 있으나, 피고 스스로도 절약하는 생활을 하여 현재 약 18억 원에 상당하는 재산을 모은 점, 피고가 원고를 의심하는 언행을 하거나 알몸으로 집안을 돌아다니기도 한 것은 고령으로 인하여 생긴 정신장애 증상에 기인하며 원고는 위와 같은 정신장애 증상이 있는 피고를 돌보고 부양하여야 할 의무가 있는 점, 현재 원고는 만 75세이고, 피고는 만 83세에 이르는 고령인 점 및 혼인기간, 혼인 당시의 가치기준과 남녀관계 등을 종합하면, 위 인정 사실만으로 피고가 원고에게 심히 부당한 대우를 하였다거나 원고와 피고의 혼인관계가 이미 회복할 수 없을 정도로 파탄에 이르렀다고는 보이지 아니하고 달리 이를 인정할 만한 증거가 없다고 판단하여, 민법 제840조 제3호와 제6호의 이혼사유를 원인으로 하는 원고의 이혼청구 및 그에 따른 위자료 및 재산분할청구를 모두 배척하였다.
        기록과 위 법리에 비추어 살펴보면, 원심의 위와 같은 사실인정과 판단은 수긍이 가고, 거기에 채증법칙을 위반하여 사실을 오인한 위법이나 헌법 등 법령위배의 위법이 있다고 할 수 없으며, 원심판결의 이유 중 이혼사유에의 해당 여부를 판단함에 있어 원고와 피고가 현재 고령인 점과 혼인기간, 혼인 당시의 가치기준과 남녀관계를 참작한다는 판시 부분도 혼인기간이 긴 고령의 부부에 대하여는 적법한 이혼사유가 있더라도 이혼을 허용할 수 없다거나 가부장적 남존여비의 관념에 기초하여 여자 배우자에 대하여는 남자 배우자에 비하여 이혼을 엄격하게 제한하겠다는 취지라고 보여지지는 않고, 원심인정 사실만으로는 민법 제840조 제3호, 제6호 소정의 이혼사유에 해당하지 않는다는 판단을 함에 있어서 참작한 부가적 사항에 불과하여 이와 같은 판시가 있다고 하여 원심이 재판상 이혼사유를 판단함에 있어서 법령적용의 잘못을 저지른 위법이 있다고 할 수 없다. 상고이유 및 상고이유서 제출기간 경과 후에 제출된 상고이유보충서 기재 중 상고이유를 보충하는 부분은 모두 이유 없다.  그러므로 상고를 기각하고, 상고비용은 상고인인 원고의 부담으로 하기로 관여 법관의 의견이 일치되어 주문과 같이 판결한다.대법관 이용우(재판장) 김형선 이용훈(주심) 조무제 "
79069,이혼및위자료등,99므1596,대법원,"  [1] 부대항소란 피항소인의 항소권이 소멸하여 독립하여 항소를 할 수 없게 된 후에도 상대방이 제기한 항소의 존재를 전제로 이에 부대하여 원판결을 자기에게 유리하게 변경을 구하는 제도로서, 피항소인이 부대항소를 할 수 있는 범위는 항소인이 주된 항소에 의하여 불복을 제기한 범위에 의하여 제한을 받지 아니한다.  [2] 재산분할사건은 가사비송사건에 해당하고{가사소송법 제2조 제1항 나. (2) 제4호}, 가사비송절차에 관하여는 가사소송법에 특별한 규정이 없는 한 비송사건절차법 제1편의 규정을 준용하고 있으며(가사소송법 제34조), 비송사건절차에 있어서는 민사소송의 경우와 달리 당사자의 변론에만 의존하는 것이 아니고, 법원이 자기의 권능과 책임으로 재판의 기초가 되는 자료를 수집하는, 이른바 직권탐지주의에 의하고 있으므로(비송사건절차법 제11조), 법원으로서는 당사자의 주장에 구애되지 아니하고 재산분할의 대상이 무엇인지 직권으로 사실조사를 하여 포함시키거나 제외시킬 수 있다.  [3] 재산분할에 관한 판결의 이유에서 부부의 공동채무를 처에게 귀속시킨다고 설시한 경우, 그 판결이 그대로 확정된다고 하더라도 그로써 위 채무 중 남편이 부담하여야 할 부분이 처에게 면책적으로 인수되는 법률적 효력이 발생한다고 볼 근거는 없으므로, 위 채무가 모두 처에게 귀속됨을 전제로 이를 재산분할금에 가산하여 재산분할의 판결을 할 수는 없다.","원고(반소피고),상고인 피고(반소원고),피상고인 원심판결 
대전고법  1999. 7. 23. 선고 98르235, 242 판결주문원심판결 중 재산분할 부분을 파기하고, 그 부분 사건을 대전고등법원에 환송한다.  원고(반소피고)의 나머지 상고를 기각한다.이유  상고이유를 판단한다.  1. 제1점에 대하여부대항소란 피항소인의 항소권이 소멸하여 독립하여 항소를 할 수 없게 된 후에도 상대방이 제기한 항소의 존재를 전제로 이에 부대하여 원판결을 자기에게 유리하게 변경을 구하는 제도로서, 피항소인이 부대항소를 할 수 있는 범위는 항소인이 주된 항소에 의하여 불복을 제기한 범위에 의하여 제한을 받지 아니한다고 할 것이다. 이 사건의 경우 제1심에서 원고(반소피고, 이하 원고라고 한다)가 본소로서 이혼 및 위자료 지급을 구하고, 피고(반소원고, 이하 피고라고 한다)가 반소로서 이혼 및 위자료 지급과 재산분할을 구하여 피고의 반소 이혼과 위자료 및 재산분할 청구 일부가 인용되고 원고의 본소 청구가 모두 기각되었는데, 이에 대하여 원고는 본소 청구 중 이혼 부분과 피고의 반소 청구에 대하여만 항소를 제기하여 본소 청구 중 위자료 부분에 대하여는 항소를 제기하지 아니하였다고 하더라도 피고가 부대항소로서 반소 청구 중 제1심에서 기각된 위자료 부분의 지급을 구하는 데 법률상 지장이 없다고 할 것이므로, 원심이 피고의 부대항소를 일부 받아들여 원고에게 제1심에서 인정된 위자료를 초과하여 지급을 명하였다고 하여 거기에 항소심의 판단범위에 관한 어떠한 법리오해의 위법이 있다고 할 수 없다. 이와 반대되는 취지의 상고이유는 받아들일 수 없다.
        2. 제2점에 대하여재산분할사건은 가사비송사건에 해당하고{가사소송법 제2조 제1항 나. (2) 제4호}, 가사비송절차에 관하여는 가사소송법에 특별한 규정이 없는 한 비송사건절차법 제1편의 규정을 준용하고 있으며(가사소송법 제34조), 비송사건절차에 있어서는 민사소송의 경우와 달리 당사자의 변론에만 의존하는 것이 아니고, 법원이 자기의 권능과 책임으로 재판의 기초가 되는 자료를 수집하는, 이른바 직권탐지주의에 의하고 있으므로(비송사건절차법 제11조), 법원으로서는 당사자의 주장에 구애되지 아니하고 재산분할의 대상이 무엇인지 직권으로 사실조사를 하여 포함시키거나 제외시킬 수 있다고 할 것이다(대법원 1996. 12. 23. 선고 95므1192, 1208 판결 참조).
        그런데 원심판결 이유에 의하면 원심은 피고의 재산분할청구에 대하여, 원고와 피고가 혼인생활 중 공동으로 형성하거나 부담한 재산 중 원·피고가 피고의 친정으로부터 차용한 금 37,000,000원의 채무는 피고의 명의로 귀속시키고, 나머지 재산은 각 그 명의대로 귀속시키되 일방 당사자에게 귀속되는 재산액이 그 기여도에 미달하는 경우에는 그 부족분에 해당하는 가액을 타방 당사자가 금전으로 지급하여 청산하는 방법에 의하여 재산을 분할하기로 하여, 모두 원고 명의로 된 적극재산의 가액에서 원고와 피고가 부담한 소극재산을 뺀 순재산 금 43,973,237원 중 피고의 기여도를 약 30%인 금 13,000,000원으로 보고 여기에 피고에게 귀속하게 되는 채무인 위 금 37,000,000원과 피고 명의로 당진농업협동조합으로부터 차용한 금 11,284,409원의 채무를 감안하면 원고는 피고에게 재산분할금으로 금 61,284,409원을 지급함이 상당하다고 판시하였다.  그러나 우선 위와 같이 
        원·피고의 피고의 친정에 대한 위 채무를 피고에게 귀속시킨다고 이유설시를 한 원심판결이 그대로 확정된다고 하더라도 그로써 위 채무 중 원고가 부담하여야 할 부분이 피고에게 면책적으로 인수되는 법률적 효력이 발생한다고 볼 근거는 없으므로, 원심이 위 채무가 모두 피고에게 귀속됨을 전제로 이를 재산분할금에 가산한 조치에는 재산분할 판결의 효력에 관한 법리를 오해한 위법이 있다고 아니 할 수 없다.
        또한 기록에 의하면 피고의 친정에 대한 위 금 37,000,000원의 채무는 구체적으로는 피고의 오빠들과 조카인 소외 
        1, 
        2, 
        3에 대한 채무를 의미하는 것으로 보이는데, 원고 소송대리인은 원심 제5차 변론기일에서 대위변제확인서(갑 제22호증), 판결 및 공탁서(갑 제23호증의 1 내지 4)를 서증으로 제출하였고, 위 각 서증의 내용을 살펴보면 
        소외 1, 
        2, 
        3가 원고를 상대로 대여금 청구를 하였고 원고가 그 판결 결과(대전고등법원 1998. 8. 20. 선고 98나374 판결)에 따라 같은 해 9. 15. 또는 그 다음날 각 원리금을 모두 변제공탁하였다는 것(갑 제23호증의 1 내지 4)과 소외 허순이 1998. 9. 8. 피고의 당진농업협동조합에 대한 1995. 6. 28.자 대출금 10,000,000원(계좌번호 481010-52-124486으로서 갑 제6호증의 1, 2 및 을 제9호증과 동일함) 및 이에 대한 이자를 모두 대위변제하였다는 것(갑 제22호증)임을 알아볼 수 있는바, 사정이 그와 같다면 원심으로서는 마땅히 위 변제공탁 등으로써 원심이 재산분할의 대상으로 판시한 원·피고의 피고의 친정에 대한 금 37,000,000원(위 사실관계에 의하면 원고의 단독채무라고 보인다)의 채무와 피고의 당진농업협동조합에 대한 채무가 소멸하였는지 여부와 이로 인하여 재산분할 대상에 어떠한 변동이 있는지 여부 등을 심리하였어야 할 것이다.
        그럼에도 원심이 위 서증과 관련하여 어떠한 조사도 하지 아니한 채 위와 같이 판시한 조치에는 재산분할 재판에 있어 필요한 심리를 다하지 아니하여 판결에 영향을 미친 위법이 있다고 할 것이다. 이 점을 지적하는 상고이유 주장은 이유 있다.  3. 그러므로 원심판결 중 재산분할 부분을 파기하고, 그 부분 사건을 다시 심리·판단하게 하기 위하여 원심법원에 환송하고, 원고의 나머지 상고를 기각하기로 관여 법관들의 의견이 일치되어 주문과 같이 판결한다.대법관 조무제(재판장) 김형선(주심) 이용훈 이용우 "
121010,이혼등,99드합2775,서울가정법원,혼인중에 쌍방의 협력에 의하여 이룩한 부부의 실질적인 공동재산은 그 명의가 누구에게 있는지를 불문하고 재산분할의 대상이 되는 것이므로 남편이 아내를 상대로 명의신탁해지에 의한 소유권이전등기소송을 제기하여 제1심에서 승소하였더라도 그 부동산이 혼인중에 형성한 부부의 실질적인 공동재산인 경우에는 여전히 이혼에 따른 재산분할의 대상이 된다고 한 사례.,"원고(반소피고) 피고(반소원고) 변론종결1999. 10. 28.주    문1. 반소에 기하여 원고(반소피고)와 피고(반소원고)는 이혼한다.2. 위자료로 원고(반소피고)는 피고(반소원고)에게 금  20,000,000원 및 이에 대한 1999. 11. 11.은 연 5푼, 그 다음날부터 완제일까지는 연 2할 5푼의 각 비율에 의한 금원을 지급하라.3. 재산분할로서가. 피고(반소원고)는 원고(반소피고)에게 별지 목록 3. 기재 부동산에 관하여 이 판결확정일자 재산분할을 원인으로 한 소유권이전등기절차를 이행하고,나. 원고(반소피고)는 피고(반소원고)에게 금 160,000,000원 및 이에 대한 이 판결 확정일 다음날부터 완제일까지 연 5푼의 비율에 의한 금원을 지급하라.4. 원고(반소피고)의 본소청구 및 피고(반소원고)의 나머지 반소청구를 각 기각한다.5. 소송비용은 본소, 반소를 합하여 이를 3분하여 그 1은 피고(반소원고)의, 나머지는 원고(반소피고)의 각 부담으로 한다. 6. 제2항은 가집행할 수 있다.청구취지 본소 : 원고(반소피고, 이하 원고라고만 한다)와 피고(반소원고, 이하 피고라고만 한다)는 이혼한다. 반소 : 주문 제1항 및 원고는 피고에게 위자료로 금 30,000,000원 및 이에 대한 이 사건 판결 선고일부터 완제일까지 연 2할 5푼의 비율에 의한 금원을 지급하고, 재산분할로서 별지 목록 2, 3 기재 각 부동산은 피고의 소유로 하고, 원고는 피고에게 금 300,000,000원 및 이에 대한 이 사건 판결 선고일부터 완제일까지 연 5푼의 비율에 의한 금원을 지급하라는 판결 이    유1. 본소 및 반소의 이혼 및 위자료 청구에 대한 판단가. 인정사실 갑 제1, 2호증, 갑 제3호증의 1 내지 20, 갑 제4, 5호증, 갑 제11호증, 을 제4, 5, 7, 10, 16호증, 을 제18호증의 1, 2, 을 제19호증의 1 내지 4, 을 제23호증의 1, 2의 각 기재와 증인 
        소외 3, 7, 9, 피고의 각 증언 및 이 법원의 김포출입국관리사무소장에 대한 사실조회결과에 변론의 전취지를 종합하면 아래 사실들을 인정할 수 있고, 반증이 없다.
      (1) 원고는 1961. 7. 3. 소외 
        1과 혼인하여 그 사이에 소외 
        2내지 5를 출산하였음에도 1969.경 피고에게 자신을 총각이라고 속이고 교제를 시작하다가 이를 알게 된 위 
        소외 1이 
        소외 5를 업고 피고의 집으로 찾아가 이에 충격을 받은 피고가 자살을 시도하는 등 소동이 있었으나 그후에도 원, 피고는 교제를 계속하여 그 사이에 1971. 12. 20. 소외 
        6을 출산한 후 원고는 1973. 4. 17. 
        소외 1과 협의이혼하였으며, 그 뒤 1975. 4. 8. 피고와 혼인신고를 마치고 법률상 부부가 되었다.
      (2) 원고는 1976. 5.경 선박회사에 취직되어 이란으로 출국하여 일하다가 그 뒤 리비아로 가서 일을 하였으나 피고에게 생활비를 제대로 송금해주지 못하여 피고가 원고의 전처 소생 자식들 및 
        소외 6을 양육하느라 힘든 생활을 했다. 
      원고는 한국 건설회사의 리비아 공사현장 등에서 일을 하다가 1985.경부터 위 공사현장 부근에서 동아건설산업주식회사(이하 동아건설이라 한다) 등에 부식을 납품하는 야채농장을 경영하였고, 피고는 1987.경부터 원고가 있는 리비아로 1년에 1-2회 정도 출국하여 몇 개월씩 원고의 일을 도왔는데, 1993.경에는 원고의 리비아 농장에서 있었던 파티에서 피고가 다른 남자와 따로 만났다는 이유로 피고의 남자관계를 의심하여 골프채로 피고의 온 몸을 때린 일이 있었고, 한편 같은 해 피고의 이종사촌인 소외 
        7이 리비아의 원고 방을 치우다가 원고의 침대 밑에서 여자의 브래지어를 발견하기도 하였으며, 또한 원고가 필리핀 여자와 찍은 사진을 발견하기도 하였다.
      최근 수년간 원고는 6개월에 1번 정도씩 귀국하여 한달 보름정도 있다가 리비아로 돌아가곤 하였다. (3) 1998. 8. 초순경 원고와 그 전처 사이의 딸인 
        소외 3은 소외 
        8로부터 전화를 받았는데, 
        소외 8은 “자신은 피고와 동거생활을 하는 남자인데, 속고있는 원고가 불쌍해서 전화를 해준다”고 말하여 이에 놀란 
        소외 3은 그 무렵 원고에게 전화로 이 사실을 말하였고, 원고는 같은 해 8. 7. 리비아에서 귀국하여 
        소외 3의 남편인 소외 
        9와 함께 같은 달 9. 피고가 거주하고 있던 아파트로 갔으나 
        소외 8을 발견하지는 못하였고, 피고의 부정행위를 추궁하면서 피고를 때려 피고에게 전치 3주간의 치료를 요하는 경부, 흉배부 등 염좌, 다발성좌상 등의 상해를 가하였다.
      소외 8을 피고가 고용했다가 해고한 운전기사였는데, 원고는 피고가 거주하던 위 아파트에서 피고가 
        소외 8과 함께 같은 해 1. 2. 스키장에 놀러가서 찍은 사진, 
        소외 8이 같은 달 4. 위 아파트의 거실에 앉아서 찍은 사진, 소외 
        10의 상반신 사진과 
        소외 8이 같은 해 2. 18. 중고 벤츠승용차를 20,000,000원에 구입한 차량매매계약서와 술을 먹었다는 내용 등이 기재된 피고의 메모 등을 발견하였다.
      피고는 같은 해 8. 12. 아들인 
        소외 6이 유학가 있는 미국으로 출국하였는데, 원고는 같은 달 14. 이 사건 소송을 제기하면서, 서울 동부경찰서에 피고와 
        소외 8, 
        10을 간통으로 고소하였다가 같은 해 10. 2. 고소취소하여 같은 해 11. 9. 피고에게 공소권없음 처분이 내려졌고, 피고는 같은 해 10. 13. 귀국하였다.
      (4) 한편 원고는 이 사건 소송이 진행중인 1998. 9. 4. 치과 치료를 위하여 일본에 거주하는 원고와 그 전처 사이의 둘째 딸 집으로 갔고, 원고의 전처인 
        소외 1 역시 같은 달 8. 일본으로 출국하여 위 둘째 딸의 집으로 가서 원고와 같이 지내다가 같은 달 18. 함께 귀국하였으며, 원고는 같은 해 10. 1. 피고의 옷가지 및 살림살이 등을 대한통운의 수원 창고에 모두 맡겨버렸다.
      피고는 원고가 1999. 3.경 리비아에서 귀국하여 
        소외 1의 집에 동거하고 있다고 생각하여 같은 해 4.경 경찰관과 함께 
        소외 1의 집으로 갔으나 원고를 목격하지는 못하였고, 같은 달 16. 이 사건 반소를 제기하면서 고양경찰서에 원고와 
        소외 1을 간통으로 고소하였으나 원고가 리비아에 있다는 이유로 같은 해 6. 23. 기소중지되었다.
      나. 본소청구에 대한 판단(1) 원고는 본소로서, 원고는 리비아에서 야채농장을 경영하면서 모은 돈을 모두 피고에게 송금해주는 등 열심히 노력하였으나, 피고는 그 돈으로 소외 
        8 등의 외간남자와 동거생활을 하는 등 부정한 행위를 하였으므로 원고와 피고의 혼인관계 파탄의 원인은 피고에게 있다고 주장한다.
      (2) 그러므로 살피건대, 피고가 운전기사로 고용한 
        소외 8과 스키장에 함께 가서 사진을 찍은 사실, 
        소외 8이 원고의 전처 소생의 딸인 
        소외 3에게 피고와 동거하였는데 속고 있는 원고가 불쌍하다는 내용의 전화를 한 사실, 피고의 아파트에서 
        소외 8이 중고 벤츠승용차를 20,000,000원에 구입한 차량매매계약서가 발견된 사실은 앞서 본 바와 같으나 이와 같은 사실만으로는 원, 피고 사이의 혼인관계가 피고의 부정행위로 인하여 파탄에 이르렀다고 단정할 수 없고, 달리 피고의 부정행위를 인정할 만한 증거가 없으며, 오히려 위 인정사실에 비추어 보면 원, 피고의 혼인관계의 파탄은 원고의 피고에 대한 부당한 대우 등에 근본적인 책임이 있다고 할 것이니 이와 달리 그 파탄에 이르게 된 주된 책임이 피고에게 있음을 전제로 한 이 사건 본소청구는 이유없다 할 것이다.
      다. 반소청구에 대한 판단(1) 위 인정사실에 의하면 원고와 피고 사이의 혼인관계는 회복되기 어려울 정도로 파탄에 이르렀다 할 것인바, 이는 피고도 원고 모르게 
        소외 8을 운전기사로 고용하여 스키장에 함께 가서 사진을 찍고, 승용차 구입자금을 빌려 주는 등 친밀하게 지내다가 
        소외 8과 불화가 생겨 
        소외 8이 원고의 전처 소생의 딸인 
        소외 3에게 피고와 동거하였는데 속고 있는 원고가 불쌍하다는 내용의 전화를 할 정도에 이르게 하였다는 점에서 그 잘못이 있다고 할 것이지만, 그 근본적이고도 주된 책임은 원고가 자신이 중동에 머물며 생활비를 제대로 송금해주지 못한 기간동안 피고가 혼자서 생활비를 조달해가며 원고의 전처 소생의 자식들까지 양육하면서 힘든 생활을 해 왔던 점을 배려하지 못하고 원고 자신은 리비아에서 다른 여자와 함께 사진을 찍는 등 놀면서도 피고의 남자관계를 의심해 골프채로 피고를 구타하기도 하였고, 6개월에 1회 정도만 귀국하는 등 부부간의 동거의무를 제대로 이행하지 못하였으며, 
        소외 8의 전화를 받은 후에도 자세한 경위를 알아보지 않고 피고가 부정행위를 하였다고 단정하여 피고를 추궁하며 상해를 가한 후 곧바로 간통으로 피고를 고소하는 등의 행위를 한 잘못에 있다고 할 것이고, 이러한 원고의 행위는 
        민법 제840조 제3호, 
        제6호에 정하여진 재판상 이혼사유에 해당한다고 할 것이므로, 이를 이유로 원고와 이혼을 구하는 피고의 청구는 이유 있다.
      (2) 원고의 위와 같은 부당한 대우 등으로 인하여 혼인생활이 파탄에 이르게 됨으로써 피고가 심한 정신적 고통을 받았을 것임은 경험칙상 명백하므로 원고는 이를 금전으로나마 위자할 의무가 있다고 할 것인바, 원고와 피고의 나이, 직업, 재산정도, 신분관계, 혼인생활의 과정과 파탄경위, 혼인생활의 계속기간 등 이 사건 변론에 나타난 여러 사정을 참작하면 그 위자료 액수는 금 20,000,000원으로 정함이 상당하다 할 것이다. 따라서 원고는 피고에게 위자료로 금 20,000,000원 및 원, 피고의 혼인관계가 파탄된 이후로서 피고가 구하는 바에 따라 이 사건 판결 선고일임이 기록상 명백한 1999. 11. 11.은 원고가 위 금전채무의 존부나 범위에 관하여 항쟁함이 상당하다고 인정되므로 민법 소정의 연 5푼, 그 다음날부터 완제일까지는 소송촉진등에관한특례법 소정의 연 2할 5푼의 각 비율에 의한 지연손해금을 지급할 의무가 있다.2. 재산분할청구에 대한 판단 가. 인정사실위에서 든 각 증거와 갑 제6호증, 갑 제7호증의 1, 2, 갑 제8호증의 1, 2, 3, 갑 제9, 10, 12호증, 을 제1호증의 1, 2, 3, 을 제2호증, 을 제12호증의 1, 2, 을 제13, 14, 17, 22호증의 각 기재 및 이 법원의 한국외환은행 화양동지점장, 동아건설산업주식회사 대표이사에 대한 각 사실조회결과에 변론의 전취지를 종합하면 아래 사실들을 인정할 수 있고, 반증이 없다.(1) 원고는 1976. 5.경부터 중동으로 출국하여 일하였으나 피고에게 생활비를 제대로 송금해주지 않아 피고가 원고의 전처 소생 자식들 및 위 윤승현을 양육하기 위하여 야간업소 종업원으로 일하기도 하였고, 1981. 1. 8.부터 1985. 10. 20.까지 레스토랑을 운영하였으며, 1987.경부터는 원고가 있는 리비아로 1년에 1-2회 정도 출국하여 몇 개월씩 머물면서 김치를 담그고 근로자들의 식사를 마련하는 등 원고가 경영하는 야채농장의 일을 도왔다. (2) 원고가 리비아에서 동업자인 소외 
        11과 함께 야채농장을 경영하기 시작하면서부터 돈을 모으기 시작하여 원, 피고는 ① 1994. 3. 23. 별지 목록 1 기재 부동산(이하 이 사건 묘향롯데아파트라 한다)을 원고 명의로, ② 1996. 11. 21. 별지 목록 2 기재 부동산(이하 이 사건 금능현대아파트라 한다)을 피고 명의로, ③ 1998. 7. 22. 별지 목록 3 기재 부동산(이하 이 사건 경성큰마을아파트라 한다)을 피고 명의로 각 매수하였는데, 위 각 부동산의 현재 가액은 이 사건 묘향롯데아파트가 180,000,000원 정도, 이 사건 금능현대아파트가 40,000,000원 정도, 이 사건 경성큰마을아파트가 135,000,000원 정도이다. 
      (3) 원, 피고는 이 사건 묘향롯데아파트를 담보로 한국외환은행 화양동지점으로부터 1996. 6.경 원고 명의로 50,000,000원을 대출받았는데, 1999. 8. 26. 현재 그 원금 및 이자가 50,221,917원이고, 이 사건 묘향롯데아파트를 임차보증금 50,000,000원에 소외 
        12에게 임대하고 있으며, 또한 이 사건 금능현대아파트를 담보로 주택은행 충주지점으로부터 1996. 11.경 피고 명의로 대출받은 돈의 잔액이 1999. 7. 6. 현재 15,934,890원이고, 이 사건 금능현대아파트를 임차보증금 20,000,000원에 소외 
        13에게 임대하고 있다. 
      한편, 이 사건 경성큰마을아파트에 부과된 관리비 미납액이 1999. 9.경까지 1,482,900원이다.(4) 원고는 1997.경부터 피고가 관리하는 원고 명의의 통장으로 많은 액수의 돈을 송금해 왔는데, 1998. 8. 9. 원고가 피고의 부정행위를 추궁한 후 피고가 관리하던 원고 명의의 예금통장을 모두 가져갔는바, 원고 명의의 한국외환은행 화양동지점의 예금계좌 중 ① 계좌번호 058-JSD-100283 구좌에는 원고가 동아건설 리비아지사로부터 채소납품대금 등으로 지급받은 돈을 송금하여 이 사건 소제기 전인 1998. 6. 29. 현재의 예금잔액이 167,182.92달러였는데, 이 사건 소제기 이후 원고가 이를 인출하였고, ② 계좌번호 058-18-21214-5 구좌에는 이 사건 소제기 전인 1998. 6. 29. 현재 3,118,874원이 입금되어 있었고(같은 해 12. 28.의 예금잔액은 위 금액 이상이다), ③ 계좌번호 122-19-19747-9 구좌에는 이 사건 소제기 전인 같은 해 8. 10. 현재 9,695,452원이 입금되어 있었으나 그 뒤 원고가 인출, 소비하여 같은 해 12. 28.의 예금잔액은 0원이 되었으며, 이 사건 변론종결일인 1999. 10. 28.의 현찰매입율은 미국달러를 기준으로 1달러에 1,176원이다.(5) 한편 동아건설 리비아지사에서는 1998. 3.부터 1999. 5.까지의 채소납품대금으로 1998. 5.경부터 1999. 8.경까지 원고 명의의 튀니지아 중앙은행 예금구좌(계좌번호 100-9095397-840)로 합계 609,734.50달러(이 사건 변론종결일인 1999. 10. 28.의 1달러당 현찰매입율인 1,176원을 기준으로 환산해보면, 한화로 약 717,047,772원이다)를 지급하였고, 현재도 원고는 리비아의 야채농장을 경영하고 있다.(6) 원고는 이 사건 소송이 진행중이던 1998. 10.경 서울지방법원 동부지원에 피고를 상대로 
        98가합19286호로 이 사건 금능현대아파트와 경성큰마을아파트에 관하여 명의신탁해지에 의한 소유권이전등기 소송을 제기하여 1999. 7. 1. 이 사건 금능현대아파트 부분에 대해서는 원고의 청구가 기각되었으나, 이 사건 경성큰마을아파트에 대해서는 피고는 원고에게 1998. 11. 25. 명의신탁해지를 원인으로 한 소유권이전등기절차를 이행하라는 원고 승소판결이 선고되어 이에 대하여 원, 피고가 항소하여 현재 서울고등법원에 소송이 계류중이다.
      나. 분할의 대상인 재산의 범위(1) 적극재산 ① 원고 명의의 이 사건 묘향롯데아파트 (가액 : 180,000,000원) ② 피고 명의의 이 사건 금능현대아파트 (가액 : 40,000,000원) ③ 피고 명의의 이 사건 경성큰마을아파트 (가액 : 135,000,000원)[혼인중에 쌍방의 협력에 의하여 이룩한 부부의 실질적인 공동재산은 그 명의가 누구에게 있는지를 불문하고 재산분할의 대상이 되는 것이므로 원고가 이 사건 경성큰마을아파트에 관하여 피고를 상대로 명의신탁해지에 의한 소유권이전등기소송을 제기하여 제1심에서 승소하였더라도 그 소송결과에 상관없이 이 사건 경성큰마을아파트는 여전히 이 사건 이혼에 따른 재산분할의 대상이 된다고 할 것이다.] ④ 원고가 원고 명의의 한국외환은행화양동지점 계좌번호 058-JSD-100283 구좌에서 인출한 167,182.92달러(이 사건 변론종결일인 1999. 10. 28.의 1달러당 현찰매입율인 1,176원으로 환산한 금액은 대략 196,607,113원이다.)[이 법원의 한국외환은행 화양동지점장, 동아건설산업주식회사 대표이사에 대한 각 사실조회결과 및 변론의 전취지에 의하면, 원고 명의의 위 구좌에 1998. 7. 13. 45,838.56달러, 같은 달 30. 44,410.35달러가 더 송금되어 같은 날의 잔액은 222,735.14달러에 달하는 사실, 이 사건 소제기 이후에도 원고가 동아건설 리비아지사로부터 매달 상당한 액수의 채소납품대금을 수령한 사실을 인정할 수 있으나, 한편 갑 제11호증의 기재, 증인 
        2, 
        소외 3의 각 증언 및 변론의 전취지에 의하면 원고가 동아건설 리비아지사로부터 송금받는 돈의 3분의 1 정도는 리비아의 야채농장의 인건비, 재료비 등으로 다시 지출되는 사실, 원고는 나머지 수익금을 동업자인 
        소외 11과 분배한 후 미국에서 유학중인 원, 피고의 아들 
        소외 6에게 매월 3,000달러 정도를 보내주고, 1998. 9.경부터는 암으로 투병 중인 원고의 전처 소생의 딸 
        소외 3에게 치료비로 매월 3,000,000원 정도를 지급해주고 있는 사실을 인정할 수 있는 바, 위 인정사실에 의하면 원고 명의의 위 구좌에 1998. 7. 이후 입금된 돈은 이 사건 소제기 이후 원고가 인출하여 위와 같은 용도로 소비하였다고 할 것이나, 다만 원고가 현재도 리비아의 야채농장을 경영하면서 수입을 얻고 있는 사정을 고려하면 피고가 이 사건 재산분할대상으로 주장하는 1998. 6. 29. 당시의 위 구좌의 예금잔액인 167,182.92달러에 대해서는 원고가 이를 정당하게 사용하였다고 인정할 만한 자료가 없으므로 현재도 위 금액 상당을 보유하고 있는 것으로 본다.]
      ⑤ 이 사건 소제기 당시 원고 명의의 한국외환은행화양동지점 계좌번호 058- 18-21214-5 구좌에 입금되어 있던 예금채권 3,118,874원(적극재산 합계 : 금 554,725,987원)[피고는, 1998. 7.경 이후 1999. 7.경까지 원고의 리비아 야채농장 수입금의 추정액이 대략 432,000,000원에 달하는 바 원고가 위 수입금을 예금 등의 형태로 보유하고 있을 것으로 추정되므로 이를 이 사건 재산분할 대상에 포함시켜야 한다고 주장하나, 이 법원의 동아건설산업주식회사 대표이사에 대한 사실조회결과만으로는 원고가 위 금액 상당을 보유하고 있음을 인정하기 부족하고 달리 이를 인정할 만한 증거가 없으므로 피고의 위 주장은 받아들이지 아니하고 다만, 원고가 리비아 야채농장을 경영하면서 상당한 수입을 올리고 있는 사정을 이 사건 재산분할의 방법 및 내용을 정함에 있어 참작하기로 한다.](2) 소극재산 (가) 원고 명의의 한국외환은행 화양동지점에 대한 대출원리금 50,221,917원 (나) 원고 명의의 
        소외 12(이 사건 묘향롯데아파트 임차인)에 대한 임차보증금반환채무 50,000,000원
       (다) 피고 명의의 주택은행 충주지점에 대한 대출금 잔액 15,934,890원 (라) 피고 명의의 
        소외 13(이 사건 금능현대아파트 임차인)에 대한 임차보증금반환채무 20,000,000원
       (마) 이 사건 경성큰마을아파트에 부과된 관리비 미납액 1,482,900원(소극재산 합계 : 금 137,639,707원)[피고는, 피고 명의의 대한통운 수원지점에 대한 창고임치료 6,000,000원 상당의 채무도 이 사건 재산분할 대상에 포함시켜야 한다고 주장하나, 을 제22호증의 1, 2의 각 기재에 의하면 위 채무는 이 사건 소제기 이후인 1998. 10. 1. 원고가 일방적으로 피고의 짐을 대한통운에 보관시킴으로써 부담한 원고 명의의 채무인 사실이 인정되므로 이는 원, 피고의 공동재산의 형성에 수반하여 부담한 채무라고 할 수 없어 위 주장은 받아들이지 아니한다.]다. 분할의 방법 및 내용이 사건 변론과정에 나타난 위 분할대상 재산의 형태, 이용상황 및 현재의 소유명의와 취득경위, 원고와 피고의 혼인계속기간, 이혼에 이르게 된 경위, 당사자의 연령, 재산상태, 혼인중 재산형성에 대한 쌍방의 협력정도, 이혼 후의 쌍방의 생활능력 및 원고가 중동에 머물며 생활비를 제대로 송금해주지 못한 기간동안 피고가 혼자서 생활비를 조달해가며 원고의 전처 소생의 자식들까지 양육하였던 점, 원고가 현재도 리비아의 야채농장을 경영하고 있으며 동아건설 리비아지사에서 채소납품대금으로 1998. 5.경부터 1999. 8.경까지 원고 명의의 튀니지아 중앙은행 예금구좌로 송금해 준 돈이 합계 609,734.50달러에 달하는 점, 이 사건 소송 진행중에 원고가 피고를 상대로 명의신탁해지에 의한 소유권이전등기 소송을 제기하여 1999. 7. 1. 이 사건 경성큰마을아파트에 관하여 피고는 원고에게 명의신탁해지를 원인으로 한 소유권이전등기절차를 이행하라는 판결이 선고되었고 이에 대한 항소심이 현재 서울고등법원에 계류중인 점 등 기타 제반사정을 고려하여 다음과 같이 분할하기로 한다. (1) 원고 명의의 이 사건 묘향롯데아파트는 원고의 소유로, 원고 명의의 한국외환은행 화양동지점에 대한 대출금 채무 및 
        소외 12에 대한 임차보증금반환채무는 각 원고의 부담으로 각 귀속시킨다.
      (2) 피고 명의의 이 사건 금능현대아파트는 피고의 소유로, 피고 명의의 주택은행 충주지점에 대한 대출금 채무 및 
        소외 13에 대한 임차보증금반환채무는 각 피고의 부담으로 각 귀속시킨다.
      (3) 피고 명의의 이 사건 경성큰마을아파트는 원고의 소유로, 이 사건 경성큰마을아파트에 부과된 미납관리비채무는 원고의 부담으로 각 분할한다.(4) 원고 명의의 한국외환은행 화양동지점에 대한 예금채권 및 원고가 같은 지점으로부터 인출한 금원은 각 원고에게 귀속시킨다. (5) 피고는 원고에게 금 160,000,000원을 지급한다.[이와 같이 분할하면 원, 피고가 공유하는 순자산액 합계 금 417,086,280원(554,725,987 - 137,639,707) 중 원고에게 253,021,170원(180,000,000 + 135,000,000 + 196,607,113 + 3,118,874 - 50,221,917 - 50,000,000 - 1,482,900 - 160,000,000), 피고에게 164,065,110원(160,000,000 + 40,000,000 - 15,934,890 - 20,000,000)이 각 귀속되는 결과가 된다.]따라서, 피고는 원고에게 이 사건 경성큰마을아파트에 관하여 이 판결확정일자 재산분할을 원인으로 한 소유권이전등기절차를 이행할 의무가 있고, 원고는 피고에게 금 160,000,000원 및 이에 대한 그 지급의무가 확정됨으로써 이행기에 도달하게 되는 이 판결 확정일 다음날부터 완제일까지 민법 소정의 연 5푼의 비율에 의한 지연손해금을 지급할 의무가 있다.3. 결론그렇다면 피고의 반소 이혼청구 및 위 인정범위 내의 반소 위자료청구는 이유있어 이를 각 인용하고, 원고의 본소 청구 및 피고의 나머지 반소 청구는 이유없어 이를 각 기각하며, 재산분할은 위와 같이 정하기로 하여 주문과 같이 판결한다. 판사 최상열(재판장) 김대원 박태준 "
118136,이혼및재산분할,99므1213,대법원,"  [1] 혼인생활의 파탄에 대하여 주된 책임이 있는 배우자는 원칙적으로 그 파탄을 사유로 하여 이혼을 청구할 수 없고, 다만 상대방도 그 파탄 이후 혼인을 계속할 의사가 없음이 객관적으로 명백한데도 오기나 보복적 감정에서 이혼에 응하지 아니하고 있을 뿐이라는 등 특별한 사정이 있는 경우에만 예외적으로 유책배우자의 이혼청구권이 인정된다.  [2] 피고가 제1심 조사기일과 원심 조정기일에서 원고가 이혼에 따른 위자료나 금전청산에 관하여 피고가 제시하는 금액에 동의하면 이혼하겠다고 진술하였다고 하더라도 이러한 사정만으로 피고가 혼인을 계속할 의사가 없음이 객관적으로 명백한데도 오기나 보복적 감정에서 유책배우자인 원고의 이혼청구에 응하지 아니하는 것이라고 단정할 수 없다고 한 사례.","원고,피상고인 피고,상고인 사건본인 원심판결 
대전고법  1999. 6. 11. 선고 98르297 판결주문원심판결 중 피고의 패소 부분을 파기하고, 그 부분 사건을 대전고등법원에 환송한다.이유  상고이유를 판단한다.  1. 원심판결 이유의 요지  가. 원심판결 이유에 의하면 원심은, 그 내세운 증거에 의하여, 다음과 같은 사실을 인정하였다.  (1) 원고와 피고는 1969. 12. 31. 혼인신고를 마친 후 1983. 2. 25. 협의이혼 하였다가 1984. 4. 9. 다시 혼인신고를 마친 법률상 부부로서 그 사이에 
        소외 1(1969. 8. 8.생), 차남 
        소외 2(1971. 1. 25.생)
        와 막내딸인 사건본인(1985. 8. 21.생)을 두었다.
        (2) 원고는 경희대학교 음악대학에 재학중이던 1968.경 고려대학교 우석의과대학을 졸업하고 정형외과 레지던트 2년차이던 피고를 만나 교제하다가 앞서 본 바와 같이 혼인하였다.  (3) 피고는 레지던트 과정을 마치고 전문의 자격을 취득한 다음 공군 군의관으로 3년간 복무를 마치고 제대하여 인천 도립병원과 제천의 개인병원에서 근무를 하다가 1979. 3.경 
        충주시에서 
        정형외과의원을 개설, 운영하게 되었다.
        (4) 그 무렵부터 원고는 교육문제 등으로 자식들과 서울에서 거주하면서 피고와 떨어져 살게 되었고, 주변 사람들로부터 무분별하게 금전을 차용하는 등의 문제로 피고와 자주 마찰을 일으켜 1980. 2.경에는 원고가 자식들을 놔둔 채 상당기간 가출을 하였으며, 이러한 연유 등으로 피고와 사이에 가정불화가 계속되어 결국 원·피고는 1983. 2. 25. 협의이혼을 하게 되었다.  (5) 그러나 가족들과 주변 친지들의 권유로 원·피고는 재결합하기로 하여 이듬해인 1984. 4. 9. 다시 혼인신고를 하고 1985. 8. 21. 사건본인을 출산하였다.  (6) 피고는 1981.경 충주시 
        소재 대 274㎡ 등을 매입하여 1983. 9.경 그 지상에 건물을 신축한 다음 그 곳에서 계속하여 위 
        정형외과의원을 운영하였고, 한편 원고는 그 후에도 충주에는 거의 거주하지 아니한 채 주로 서울에 머물렀고, 1990.경 피고가 마련하여 준 금 250,000,000원으로 서울 소재 목욕탕을 인수한 다음 자신의 계산으로 이를 운영하였다.
        (7) 그런데 원고는 그 후에도 사치와 낭비를 일삼고 도박을 하기도 하였으며, 1991.경부터 목욕탕의 운영자금의 조달 등을 위하여 타인들로부터 금원을 차용하면서 피고 명의의 차용증 내지 약속어음을 위조하여 행사하고 또 타인들로부터 차용금 등의 명목으로 금원을 편취하는가 하면, 피고가 위임한 범위를 초월하여 소외 유명근에게 무단으로 위 병원 부지와 건물 등을 담보로 제공하고 그로부터 금전을 차용하였다.  (8) 원고는 위와 같은 일이 탄로날 것을 우려하여 1992. 2.경 또다시 가출하였다가, 1993. 1. 27. 구속 기소되어 1993. 7. 30. 서울형사지방법원에서 사기, 유가증권위조, 사문서위조, 동행사죄 등으로 징역 8월의 유죄확정판결을 받아 복역을 마치고 1993. 9. 2. 출소하였다.  (9) 한편 피고는 위 유명근을 상대로 위 병원 부지 및 건물 등에 대한 근저당권설정등기의 말소를 구하는 소송을 제기하였으나, 1995. 4. 4. 대전고등법원에서 원고가 피고의 허락 없이 위 병원 부지와 건물 등을 담보로 사채업자로부터 금원을 차용하였다고 하더라도 피고가 사후에 이를 추인한 바 있으므로 차용금 250,000,000원과 그 이자를 지급하라는 판결을 선고받고, 그 판결에 따라 위 유명근에게 금 324,476,000원을 지급하였으며, 그 밖에도 원고의 차용금을 대위변제하여 준 적이 더 있다.  (10) 피고는 원고가 위와 같이 방만하게 돈거래를 한 것 등에 대하여 분개하여 몇 차례 원고를 폭행하였고, 당심 계류 중인 1998. 11.경 
        소외 5의 집에 드나들다가 원고에 의하여 간통죄로 고소당하기도 하였다.
        (11) 피고는 당초 제1심 조사기일에 출석하여 원고에게 위자료로 금 50,000,000원 정도를 지급하고 이혼할 의사가 있다는 취지로 진술한 다음, 제1심 제4차 변론기일에는 원고와의 이혼을 고려하기도 하였지만 원고가 피고에게 돌아온다면 다시 재결합하여 혼인생활을 계속하겠다는 의사를 갖고 있다고 진술하였다가, 원심 조정기일에 이르러서는 다시 원고가 이혼에 따른 모든 금전관계를 금 50,000,000원에 청산하는 데 동의한다면, 원고와의 이혼에 응할 의사가 있다는 취지로 진술하였다.  나. 원심의 판단  원심은, 원고의 다음과 같은 주장 사실, 즉 피고가 원고를 구타하는 등 원고에게 심히 부당한 대우를 하였고, 또한 피고의 형제, 자매들 역시 수시로 원고에게 돈을 구하여 달라고 요구하면서 욕설 또는 폭행을 하는 등으로 원고에게 부당한 대우를 하였으며, 피고가 
        소외 5, 
        6, 
        7 등 다른 여자들과 여러 차례 부정행위를 함으로써 원·피고의 혼인관계가 파탄에 이르렀다는 사실을 인정할 증거가 없다고 배척하고, 위에서 본 인정 사실을 토대로 하여, 원·피고의 혼인생활의 경위, 혼인기간, 피고의 의사 등에 비추어 원·피고 사이의 혼인관계는 더 이상 회복할 수 없을 정도로 파탄에 이르게 되었다 할 것이고, 그 파탄에 이른 데에는 원고의 금전관계를 적절히 통제하는 등으로 가정에 보다 많은 관심을 갖고 원만한 혼인생활을 하기 위한 노력을 게을리 한 채 오직 병원일에만 몰두하거나 다른 여자들과 의심살 만한 행동을 한 피고의 성격이나 생활태도 등도 어느 정도 기여하였다고 할 것이나, 그 근본적이고 주된 책임은 가사를 등한시한 채 피고가 번 돈을 사치와 낭비로 탕진하고, 피고와 떨어져 살게 된 것을 계기로 독자적으로 목욕탕을 운영하면서 무리하게 금전을 차용하는 것은 물론 피고 명의의 차용증 등을 위조하거나 타인을 기망하여 금원을 편취한 결과 징역형을 선고받아 복역하였을 뿐 아니라 피고로 하여금 차용금에 대한 민사책임까지 부담하게 한 원고에게 있으므로 유책배우자인 원고의 이혼청구는 일응 받아들일 수 없다고 판시하면서도, 위와 같은 혼인의 파탄 과정, 원·피고의 별거기간 및 이 사건 소송 과정에서 나타난 피고의 태도, 즉 제1심 조사기일에는 원고에게 위자료로 금 50,000,000원 정도를 지급하고 이혼할 의사가 있다는 취지로 진술하다가, 제1심 변론기일에는 태도를 바꾸어 원고와 재결합하여 혼인생활을 계속하겠다는 의사를 갖고 있다고 진술하였고, 원심 조정기일에 이르러 다시 이혼에 따른 금전청산 문제에 관하여 피고가 제시한 금액에 원고가 동의한다면 이혼에 응하겠다고 진술하고 있는 점 등에 비추어 보면, 피고 역시 원고와의 혼인의 파탄은 기정사실로 받아들여 실제로는 원고와의 혼인을 계속할 의사가 없으면서도 다만 오기나 그 동안의 자신의 희생에 대한 보복의 감정에서 표면상으로만 이혼에 응하지 아니하고 있다고 판단하고 유책배우자인 원고의 이혼청구를 인용하였다.
        2. 판  단혼인생활의 파탄에 대하여 주된 책임이 있는 배우자는 원칙적으로 그 파탄을 사유로 하여 이혼을 청구할 수 없고, 다만 상대방도 그 파탄 이후 혼인을 계속할 의사가 없음이 객관적으로 명백한데도 오기나 보복적 감정에서 이혼에 응하지 아니하고 있을 뿐이라는 등 특별한 사정이 있는 경우에만 예외적으로 유책배우자의 이혼청구권이 인정된다고 할 것이다(대법원 1997. 5. 16. 선고 97므155 판결, 1998. 6. 23. 선고 98므15, 22 판결 등 참조).
        이 사건에서 보면, 원심이 인정한 원·피고 사이의 혼인의 파탄 과정을 보더라도 피고가 혼인을 계속할 의사가 없음이 객관적으로 명백한데도 오기나 보복적 감정에서 유책배우자의 이혼청구에 응하지 아니하는 것이라고 단정할 만한 사정이 있다고 할 수 없고, 피고가 제1심 조사기일과 원심 조정기일에서 원고가 이혼에 따른 위자료나 금전청산에 관하여 피고가 제시하는 금액에 동의하면 이혼하겠다고 진술하였다고 하더라도 이러한 사정만으로 피고가 혼인을 계속할 의사가 없음이 객관적으로 명백한데도 오기나 보복적 감정에서 유책배우자인 원고의 이혼청구에 응하지 아니하는 것이라고 단정할 수 없다고 할 것이다. 더구나 기록에 의하면, 원고가 1993. 9. 2. 출소한 이후 피고는 서울의 연립주택 또는 아파트를 임차하여 원고로 하여금 자녀들과 거주하도록 배려하여 주었음에도 원고는 1996.경 또다시 가출하여 피고 및 그 자녀들과 별거하게 된 것으로서 원·피고의 별거기간이 그다지 길다고 할 수 없는 점, 원·피고 사이에 현재 14세에 불과한 미성숙의 자녀인 사건본인이 있는 점, 피고는 1995. 12.경부터 허혈성심장병 및 당뇨 증세로 치료를 받았고 1996. 10. 26. 안면, 경부, 전흉부, 양측 상지 등에 2∼3도의 화상(36%)을 입었으며 그 치료도중 다시 심장이 급속도로 나빠져 1997. 3. 17.부터 같은 달 21.까지 입원치료를 받은 후 집에서 약물치료를 받고 있는 점, 피고는 위와 같은 증상으로 현재 거동이 불편하다고 주장하고 있는 점 등을 알아 볼 수 있으므로, 원심으로서는 위와 같은 사정들을 좀 더 심리한 다음 유책배우자인 원고의 이혼청구를 인용할 것인지 여부를 판단하였어야 할 것이다.  그럼에도 원심이 유책배우자인 원고의 이혼청구를 인용한 조치에는 유책배우자의 이혼청구권에 관한 법리를 오해한 나머지 심리를 다하지 아니하여 판결에 영향을 미친 위법이 있다고 할 것이다. 이 점을 지적하는 상고이유 주장은 이유 있다.  3. 그러므로 나머지 상고이유에 대하여 판단할 것 없이 원심판결 중 피고의 패소 부분을 파기하고, 그 부분 사건을 다시 심리·판단하게 하기 위하여 원심법원에 환송하기로 관여 법관들의 의견이 일치되어 주문과 같이 판결한다.대법관 이용훈(재판장) 김형선(주심) 조무제 "
121011,이혼,98드87322,서울가정법원,"부부 일방이 비정상적인 행동을 하는 등 정신병적인 증세를 보여 혼인관계를 유지하는 데 다소 어려움이 있다고 하더라도 그 증상이 너무 심하여 완치될 가망이 거의 없거나 그 예후가 가정의 구성원 전체에게 끊임없는 정신적, 육체적 희생과 경제적으로 과다한 고통을 안겨주는 등 정상적인 가정생활을 영위하기가 대단히 어려운 경우가 아니라면 상대방 배우자는 사랑과 희생으로 그 병의 치료와 재발방지를 위한 노력을 다하여야 할 의무가 있는 것이므로, 부부 일방이 여러 차례 정신병치료를 받은 일이 있다는 사실만으로는 부부 사이에 혼인을 계속할 수 없는 중대한 사유가 있다고 단정할 수 없다.","원    고 피    고 주    문1. 원고의 청구를 기각한다.2. 소송비용은 원고의 부담으로 한다.청구취지원고와 피고는 이혼한다.이    유1. 기초 사실갑 제1호증의 기재에 의하면 원고와 피고는 1986. 11. 21. 혼인신고를 마친 법률상의 부부로서 슬하에 2녀를 두고 있는 사실을 인정할 수 있다.2. 원고의 주장원고는 다음과 같은 피고의 잘못으로 인하여 원고와 피고 사이의 혼인관계가 파탄되었다고 주장하면서 피고와의 이혼을 구한다. 가. 원고는 1987. 3.경 피고가 밤이 늦었는데도 잠을 자지 않고 옷을 전부 꺼내 온 방안에 흩어 놓고 뒤적거리더니 그 중 빨간 옷을 골라 입고 방안을 서성대며 흥얼대는 등 이상한 행동을 보여 피고를 강릉시 소재 동인종합병원 정신과로 데리고 갔다. 그런데 위 병원으로부터 피고의 정신분열증이 심하여 입원을 해야 한다는 말을 듣고 피고를 1개월 반 정도 입원시켰으나 그 증세가 조금 나아졌을 뿐 완치되지는 않았다.
나. 그 후 원고가 속초로 발령받아 근무하였는데, 어느날 집에 돌아왔더니 피고의 정신분열증이 재발하여 어머니의 속옷을 갈기갈기 찢어놓았다.다. 이에 원고는 피고가 교회에 다니고 있는 점을 감안하여 교회근처로 이사를 하였지만 피고가 딸과 자주 싸우고, 아무런 말도 없이 언니 집에 10일정도 다녀온 적도 있다.라. 그 이후 원고와 피고가 서울로 이사를 하였는데 피고는 원고에게 “개 같은 놈” 등의 욕설을 하고 그릇을 씻다가도 갑자기 그릇을 내던지며 찬송가를 불러대며, 피고의 부모님을 부르며 울기도 할 뿐만 아니라 옷을 전부 흩어 놓고 뒤적거리는 등 정신질환증세를 보여 원고는 1995. 5.경 피고를 시흥시 소재 벽산정신과병원에 한달 정도 입원시켰고, 그 이후에도 정신분열증세가 재발하여 1997. 1.경 다시 피고를 위 병원에 한달 동안 입원시키기도 하였다.마. 한편, 피고는 국이나 반찬을 한꺼번에 많이 만들어 며칠 씩 먹게 하는 등 음식을 제대로 만들어 주지도 아니하고, 아파트의 베란다나 화장실 등 집안 청소를 제대로 하지 않아 도저히 사람이 사는 집이라고 할 수 없을 정도로 집 안 도처에 먼지가 수북이 쌓여있다.바. 이에 원고가 피고에게 수없이 경고도 하고 1개월 동안 집을 나갔다가 들어가기도 하였지만 변화가 없어 1997. 3.경 집을 나와 피고와 따로 지내고 있다.3. 판 단그러므로 살피건대, 갑 제3호증의 1, 2의 각 기재와 가사조사관 작성의 조사보고서 내용에 변론의 전취지를 종합하면, 피고가 1987. 3.경 강릉시 소재 동인종합병원에서 정신과적인 장애로 입원 치료를 받았고, 그 이후에도 외상 후 스트레스장애로 시흥시 소재 백산신경정신과의원에서 1995. 5. 1.부터 같은 달 29.까지와 1996. 12. 14.부터 1997. 1. 23.까지 입원 치료를 받은 사실은 인정이 된다.그러나 부부 일방이 비정상적인 행동을 하는 등 정신병적인 증세를 보여 혼인관계를 유지하는 데 다소 어려움이 있다고 하더라도 그 증상이 너무 심하여 완치될 가망이 거의 없거나 그 예후가 가정의 구성원 전체에게 끊임없는 정신적, 육체적 희생과 경제적으로 과다한 고통을 안겨주는 등 정상적인 가정생활을 영위하기가 대단히 어려운 경우가 아니라면 상대방 배우자는 사랑과 희생으로 그 병의 치료와 재발방지를 위한 노력을 다하여야 할 의무가 있는 것이므로, 위 인정 사실에서 본 바와 같이 피고가 여러 차례 정신병치료를 받은 일이 있다는 사실만으로는 부부 사이에 혼인을 계속할 수 없는 중대한 사유가 있다고 단정할 수 없고, 또한 갑 제4호증의 1 내지 16, 갑 제5호증의 1 내지 19의 각 영상에 의하면, 원고와 피고가 거주하는 집이 다소 청소가 되어 있지 아니하여 정리정돈이 부족한 점은 인정이 되나 이러한 사유도 적법한 이혼사유가 될 수는 없다 할 것이며, 그 밖에 피고의 책임 있는 사유로 원·피고 사이의 혼인관계가 파탄에 이르렀다는 점을 인정할 아무런 증거가 없다.4. 결론그렇다면 피고와의 이혼을 구하는 원고의 이 사건 청구는 이유 없으므로 이를 기각하기로 하여 주문과 같이 판결한다.판사 김대원 "
117774,이혼등,96므1397,대법원,"  [1] 혼인중에 쌍방의 협력에 의하여 이룩한 부부의 실질적인 공동재산은 부동산은 물론 현금 및 예금자산 등도 포함하여 그 명의가 누구에게 있는지 그 관리를 누가 하고 있는지를 불문하고 재산분할의 대상이 되는 것이고, 부부의 일방이 별거 후에 취득한 재산이라도 그것이 별거 전에 쌍방의 협력에 의하여 형성된 유형·무형의 자원에 기한 것이라면 재산분할의 대상이 된다고 할 것이고, 한편 부부 일방이 혼인중 제3자에 대하여 채무를 부담한 경우에 그 채무 중에서 공동재산의 형성에 수반하여 부담하게 된 채무는 청산의 대상이 되는 것인데, 부동산에 대한 임대차보증금반환채무는 특별한 사정이 없는 한 혼인중 재산의 형성에 수반한 채무로서 청산의 대상이 되는 것이다.  [2] 분할대상이 되는 재산은 적극재산이거나 소극재산이거나 그 액수가 대략적으로나마 확정되어야 할 것이다.  [3] 재산분할액 사정의 기초가 되는 재산의 가액은 반드시 시가감정에 의하여 인정하여야 하는 것은 아니지만 객관성과 합리성이 있는 자료에 의하여 평가하여야 한다.","원고,피상고인 피고,상고인 원심판결 
대구고법  1996. 8. 22. 선고 95르510 판결 주문원심판결 중 재산분할에 관한 부분을 파기하고, 이 부분 사건을 대구고등법원에 환송한다.  피고의 나머지 상고를 기각한다.이유  상고이유를 판단한다.  1. 위자료 부분에 대하여  원심은 그 증거를 종합하여 판시 사실을 인정한 다음, 원고와 피고의 혼인관계가 피고의 원고에 대한 심히 부당한 대우로 인하여 파탄되었다고 판단하고, 원·피고의 나이 직업, 재산상황, 혼인생활의 기간과 내용, 파탄경위, 기타 변론에 나타난 여러 사정을 참작하여 피고에 대하여 위자료 금 100,000,000원의 지급을 명하였는바, 이러한 원심의 인정과 판단은 기록과 관계 증거에 비추어 정당한 것으로 수긍이 되고, 거기에 지적하는 바와 같은 채증법칙 위반으로 인한 사실오인 또는 위자료 산정에 관한 법리오해 등의 위법이 있다고 할 수 없다.  이 점 상고이유는 받아들일 수 없다.  2. 재산분할 부분에 대하여  가. 분할대상재산의 범위에 대하여혼인중에 쌍방의 협력에 의하여 이룩한 부부의 실질적인 공동재산은 부동산은 물론 현금 및 예금자산 등도 포함하여 그 명의가 누구에게 있는지 그 관리를 누가 하고 있는지를 불문하고 재산분할의 대상이 되는 것이고, 부부의 일방이 별거 후에 취득한 재산이라도 그것이 별거 전에 쌍방의 협력에 의하여 형성된 유형·무형의 자원에 기한 것이라면 재산분할의 대상이 된다고 할 것이다.
        한편 
        부부 일방이 혼인중 제3자에 대하여 채무를 부담한 경우에 그 채무 중에서 공동재산의 형성에 수반하여 부담하게 된 채무는 청산의 대상이 되는 것인데, 부동산에 대한 임대차보증금반환채무는 특별한 사정이 없는 한 혼인중 재산의 형성에 수반한 채무로서 청산의 대상이 되는 것이라고 할 것이다.
        그리고 
        분할대상이 되는 재산은 적극재산이거나 소극재산이거나 그 액수가 대략적으로나마 확정되어야 할 것이다(대법원 1993. 5. 25. 선고 92므501 판결 참조).
        기록에 의하면 피고는 원고가 원·피고 명의의 적금 또는 보험통장 등 11개를 관리하고 있고 원심 판시 별지목록 1번 기재 부동산에 관한 임대차보증금이 금 100,000,000원, 2번 기재 부동산에 관한 임대차보증금이 금 4,000,000원 정도라고 주장하였음을 알 수 있는바(기록 제55 내지 57면), 원심은 위와 같은 예금자산 및 부채가 청산의 대상이 되는 것인지, 그 액수가 대략적으로 얼마인지, 예금을 인출하여 소비하였다면 그 용도가 무엇인지 등을 확정하지 아니하였다.  또한 원심판결 이유에 의하면, 원심은 원고가 거주중인 그 판시 아파트는 원고와 피고 사이의 혼인관계가 파탄에 이른 후인 1992. 9.경 원고가 취득한 것으로서 이를 취득하기 위하여 이 사건 분할대상재산을 이용하거나 처분한 사실이 없으므로 분할대상재산이 아니라고 판단하고 있으나, 위와 같이 예금자산의 규모나 그 소비처 등에 관하여 심리하지 아니하고는 원고가 피고와의 혼인관계 파탄 후에 위 아파트를 취득하였다 하여 이를 분할대상재산이 아니라고 단정하기 어렵다고 할 것이다.  따라서 원심판결에는 이혼시의 분할대상재산의 범위에 관한 법리를 오해하고 심리를 다하지 아니하여 판결 결과에 영향을 미친 위법이 있다고 할 것이고, 이 점을 지적하는 데서 상고는 이유 있다.  나. 재산가액의 평가에 대하여재산분할액 사정의 기초가 되는 재산의 가액은 반드시 시가감정에 의하여 인정하여야 하는 것은 아니지만 객관성과 합리성이 있는 자료에 의하여 평가하여야 할 것이다(대법원 1995. 10. 12. 선고 95므175, 182 판결 참조).
        기록에 의하면, 원심이 이 사건 각 분할대상 부동산의 가액을 평가함에 있어 채용한 자료 중 을 제3호증의 5(합의이혼 및 재산분배약정서)는 피고가 1994. 1.경 원고에게 합의이혼을 제의하면서 제시한 문서로서 거기에 기재된 부동산 가액은 피고가 임의로 평가한 것에 불과한 것이고, 갑 제9호증의 1, 2는 위 1번 기재 부동산에 관한 등기부등본일 뿐이며, 증인 
        소외 1과 
        소외 2는 원고의 친구 또는 오빠이고 증인 
        소외 3은 피고의 형으로서, 위 자료들은 그 어느 것이나 객관성과 합리성을 담보하는 자료로 보기 어렵고 기록을 살펴보아도 이 사건 분할대상 부동산의 전체 가액을 객관적·합리적으로 평가할 만한 자료가 없다.
        따라서 원심판결에는 객관성과 합리성을 결여한 자료를 기초로 분할대상 부동산에 관한 평가를 하여 판결 결과에 영향을 미친 위법이 있다고 할 것이고, 이 점을 지적하는 데서도 상고는 이유 있다.  그러므로 원심판결 중 재산분할에 관한 상고 부분은 이유가 있으므로 나머지 상고이유에 대한 판단을 생략한 채 이를 파기하고 이 부분 사건을 다시 심리·판단케 하기 위하여 원심법원에 환송하고, 피고의 나머지 상고를 기각하기로 관여 법관의 의견이 일치되어 주문과 같이 판결한다.대법관 지창권(재판장) 이돈희(주심) 변재승 "
211103,이혼및위자료,97므612,대법원,"  [1] 민법 제840조 제3호 소정의 이혼사유인 '배우자로부터 심히 부당한 대우를 받았을 때'라고 함은 혼인 당사자의 일방이 배우자로부터 혼인관계의 지속을 강요하는 것이 가혹하다고 여겨질 정도의 폭행이나 학대 또는 중대한 모욕을 받았을 경우를 말한다.  [2] 민법 제840조 제6호 소정의 이혼사유인 '기타 혼인을 계속하기 어려운 중대한 사유가 있을 때'라 함은 부부간의 애정과 신뢰가 바탕이 되어야 할 혼인의 본질에 상응하는 부부공동생활관계가 회복할 수 없을 정도로 파탄되고 그 혼인생활의 계속을 강제하는 것이 일방 배우자에게 참을 수 없는 고통이 되는 경우를 말한다.   [3] 혼인생활의 파탄에 대하여 주된 책임이 있는 배우자의 이혼청구는 원칙적으로 허용되지 않는다.  [4] 혼인은 남녀의 애정을 바탕으로 하여 일생의 공동생활을 목적으로 하는 도덕적·풍속적으로 정당시되는 결합으로서 부부 사이에는 동거하며 서로 부양하고 협조하여야 할 의무가 있는 것이므로(민법 제826조 제1항), 혼인생활을 함에 있어서 부부는 애정과 신의 및 인내로써 서로 상대방을 이해하며 보호하여 혼인생활의 유지를 위한 최선의 노력을 기울여야 하는 것이고, 혼인생활 중에 그 장애가 되는 여러 사태에 직면하는 경우가 있다 하더라도 부부는 그러한 장애를 극복하기 위한 노력을 다하여야 할 것이며, 일시 부부간의 화합을 저해하는 사정이 있다는 이유로 혼인생활의 파탄을 초래하는 행위를 하여서는 안되는 것이고, 따라서 이러한 부부간의 동거, 부양, 협조의무는 애정과 신뢰를 바탕으로 일생에 걸친 공동생활을 목적으로 하는 혼인의 본질이 요청하는 바로서, 부부 사이에 출생한 자식이 없거나 재혼한 부부간이라 하여 달라질 수 없는 것이고, 재판상 이혼사유에 관한 평가 및 판단의 지도원리로 작용한다고 할 것이며, 배우자가 정당한 이유 없이 서로 동거, 부양, 협조하여야 할 부부로서의 의무를 포기하고 다른 일방을 버린 경우에는 재판상 이혼사유인 악의의 유기에 해당한다.","원고, 피상고인 원고 (소송대리인 변호사 김권택)피고, 상고인 피고 (소송대리인 변호사 임완규)원심판결 서울고법  1997. 2. 21. 선고 96르2613 판결주    문  원심판결을 파기한다.  사건을 서울고등법원에 환송한다.이    유  상고이유를 판단한다.  1. 원심이 인용한 제1심판결 이유에 의하면, 원심이 인정하고 있는 사실관계와 판단은 다음과 같다.  원고(생년월일 1 생략)는 40세 넘어서까지 피아노 개인교습을 하며 독신으로 지내고 있던 중 사별(死別)한 전처와 사이에 2남 4녀를 두고 홀몸으로 지내면서 회사를 경영하고 있던 피고(생년월일 2 생략)를 만나 1977. 11. 12. 혼인신고를 마친 후 피고 전처 소생 자녀들 중 장녀를 제외한 나머지 2남 3녀를 출가시키는 등 원만한 혼인생활을 하였으나 피고와의 사이에 자식을 출산하지는 못하였다.  그런데 피고는 혼인생활 중 수시로 친구들과 만나 마작을 하거나 술을 마시는 등으로 밤늦게 귀가하면서도 원고에게 연락조차 하지 않고 자신은 골프를 치는 등 여러 가지 취미생활을 하면서도 원고가 동창회나 합창모임에 나가는 등 혼자 외출하는 것을 싫어하였으며, 원고와 사소한 의견대립이라도 있게 되면 대화를 나누려 하지 않고 고함을 지르고 함께 차를 타고 가다가도 당장 내리라고 호통을 치기도 하였다.   또한 피고는, 1981. 9.경 술에 취하여 처가에 대한 험담을 하였는데 원고가 그 해명을 요구하자 원고를 밀어버리고, 1984. 11.경에는 피고 전처 소생 자녀들이 평소 원고에게 잘못하였기 때문에 원고가 그들을 못마땅하게 생각한다면서 원고와 자녀들 모두 집 밖으로 내쫓았으며, 1987. 4. 및 5.경에는 결혼한 장남 부부가 원·피고와 함께 살지 않으려는 것은 계모인 원고 때문이라면서 원고를 폭행하는 등 분풀이를 하고, 1988. 7. 30.경에는 피고 전처 소생 차남 부부 사이에 불화가 생기자 원고만 편히 지낸다면서 화를 내고 원고를 폭행하였으며, 1994. 4. 4.경에는 원고가 혼인 전에 모은 돈으로 매수해 둔 아파트에 대한 매수자금의 출처를 의심하면서 원고에게 '주머니를 둘, 셋씩 찬 여자'라고 하였고 원고가 이를 따지자 원고를 폭행하여 흉부타박상을 입혔으며, 원고의 친정 어머니를 모시고 살던 원고의 오빠가 1994. 2.경 사망하자 원고가 치매증세가 있던 친정 어머니를 집으로 데려와 돌보게 되었는데 피고는 원고의 이와 같은 사정을 배려하지 아니한 채 생활비로 매월 60만 원 정도만 지급하면서 원고가 생활비 부족에 불만을 나타낸다는 이유로 1995. 1. 4.에는 원고의 뒤통수를 내리치는 바람에 넘어져 우측 제5수지 열상의 상처까지 입히는 등 혼인생활 중 여러 차례에 걸쳐 원고에게 폭력을 행사하였다.  원고는 자신의 이와 같은 처지에 대하여 전처 소생의 자녀나 시누이 등에게 하소연하기도 하였으나 그들이 자신을 이해하여 주는 것 같지 않다고 생각한 나머지 1995. 6. 26.경 모시고 살던 친정 어머니와 함께 집을 나와 피고와 계속 별거하고 있다(원고의 친정 어머니는 1996. 5. 22.경 사망하였다).  한편, 원고는 피고 전처 소생의 장남인 소외인이 결혼한 뒤 그 처에게 소외인이 다른 여자와 혼인할 뻔 했었던 일에 대하여 말해주기도 하고, 소외인이 1986. 11.경 미국으로 이민을 가게 되자 피고는 소외인에게 그 명의의 아파트를 매각하여 사업자금으로 사용하라고 하는데도 원고는 이민가는 사람은 맨손으로 시작해야 성공한다고 하였으며, 소외인이 1987.경 일시 귀국하였을 때 피고가 소외인 부부와 함께 살기를 원하자 원고는 소외인을 불러 함께 살면 불편하지 않겠느냐고 말하기도 하였다.  위와 같은 사실관계를 바탕으로 하여 원심은, 원·피고 사이의 혼인관계는 더 이상 회복하기 어려울 정도로 파탄에 이르렀다고 할 것인데, 거기에는 피고 전처 소생 자녀들을 진심으로 생각하지 못하고 특별한 계기 없이 집을 나온 원고에게도 그 잘못이 있다고 할 것이나, 보다 근본적이고도 주된 책임은 혼인기간 중 출산한 자식도 없이 생활하는 원고를 배려하지 아니한 채 사소한 의견대립이라도 있게 되면 자신의 주장만을 관철시키려고 하면서 고함을 지르고 원고를 밀어버리는 등 독선적으로 행동하여 온 피고에게 있다고 보고, 이는 민법 제840조 제3호, 제6호에 정하여진 재판상 이혼원인에 해당한다고 판단하여, 원고의 이혼청구를 인용함과 아울러 피고에 대하여 이혼에 따른 위자료 및 재산분할을 명하고 있다.  2. 채증법칙 위반의 점 등에 관한 상고이유에 대하여   원심판결 이유에 의하면, 원심이 그 판결에서 채용하고 있는 증거들을 종합하여 그 판시와 같은 사실을 인정하면서 특별한 이유설시 없이 피고측 증인들의 증언을 모두 배척하고 있으나, 법원이 증거가치를 판단함에 있어서 반드시 그 이유까지 설시하여야 하는 것은 아니므로 이 사유만으로 원심판결에 채증법칙 위반이나 이유불비의 위법이 있다고 할 수 없다. 이 점에 관한 상고이유는 받아들일 수 없다.  3. 이혼원인에 관한 법리오해의 점에 관한 상고이유에 대하여  가. 민법 제840조 제3호 소정의 이혼사유인 '배우자로부터 심히 부당한 대우를 받았을 때'라고 함은 혼인 당사자의 일방이 배우자로부터 혼인관계의 지속을 강요하는 것이 가혹하다고 여겨질 정도의 폭행이나 학대 또는 중대한 모욕을 받았을 경우를 말하는 것이고(대법원 1981. 10. 13. 선고 80므9 판결), 제6호 소정의 이혼사유인 '기타 혼인을 계속하기 어려운 중대한 사유가 있을 때'라 함은 부부간의 애정과 신뢰가 바탕이 되어야 할 혼인의 본질에 상응하는 부부공동생활관계가 회복할 수 없을 정도로 파탄되고 그 혼인생활의 계속을 강제하는 것이 일방 배우자에게 참을 수 없는 고통이 되는 경우를 말하는 것이며(대법원 1987. 7. 21. 선고 87므24 판결, 1991. 7. 9. 선고 90므1067 판결), 혼인생활의 파탄에 대하여 주된 책임이 있는 배우자의 이혼청구는 원칙적으로 허용되지 않는 것이다(대법원 1989. 6. 27. 선고 88므740 판결, 1993. 4. 23. 선고 92므1078 판결, 1997. 5. 16. 선고 97므155 판결 등).  한편, 혼인은 남녀의 애정을 바탕으로 하여 일생의 공동생활을 목적으로 하는 도덕적·풍속적으로 정당시되는 결합으로서 부부 사이에는 동거하며 서로 부양하고 협조하여야 할 의무가 있는 것이므로(민법 제826조 제1항), 혼인생활을 함에 있어서 부부는 애정과 신의 및 인내로써 서로 상대방을 이해하며 보호하여 혼인생활의 유지를 위한 최선의 노력을 기울여야 하는 것이고, 혼인생활 중에 그 장애가 되는 여러 사태에 직면하는 경우가 있다 하더라도 부부는 그러한 장애를 극복하기 위한 노력을 다하여야 할 것이며, 일시 부부간의 화합을 저해하는 사정이 있다는 이유로 혼인생활의 파탄을 초래하는 행위를 하여서는 안되는 것이다(대법원 1982. 7. 13. 선고 82므4 판결, 1995. 12. 22. 선고 95므861 판결 등 참조).이러한 부부간의 동거, 부양, 협조의무는 애정과 신뢰를 바탕으로 일생에 걸친 공동생활을 목적으로 하는 혼인의 본질이 요청하는 바로서, 부부 사이에 출생한 자식이 없거나 재혼한 부부간이라 하여 달라질 수 없는 것이고, 재판상 이혼사유에 관한 평가 및 판단의 지도원리로 작용한다고 할 것이며, 배우자가 정당한 이유 없이 서로 동거, 부양, 협조하여야 할 부부로서의 의무를 포기하고 다른 일방을 버린 경우에는 재판상 이혼사유인 악의의 유기에 해당하는 것이다(대법원 1998. 4. 10. 선고 96므1434 판결).  나. 그런데 기록에 의하여 살펴보면, 원·피고는 별거하기 전 약 18년간의 혼인생활을 하면서 원심이 인정한 바와 같이 부부 및 전처 소생 자식들과 사이의 갈등과 불화도 있었지만, 피고는 원고가 친구들을 집으로 초청하여 노래를 부르거나 할 때 원고의 친구들을 함께 데리고 나가서 식사 대접을 하기도 하였고(원고는 합창을 취미생활로 하고 있었다), 피고 전처 소생의 장남은 가끔 합창 발표회에 참가하는 원고를 자동차로 모시고 간 적도 있는 사실, 피고가 원고에게 생활비 명목으로 매월 별로 많지 않은 일정금액(1993년 이후 60만 원)만을 주었으나, 이는 부부의 부식비 정도의 용도이고 그 외 주식비, 관리비, 제세공과금 등은 모두 피고가 별도로 지출하였으며, 원·피고는 부부동반으로 1년에 국내 2~3 차례, 국외 1-2 차례 여행을 다녔고, 피고 전처 소생 자식들이 1994. 2.경 서울 강남 소재의 중국식당에서 친지 30여 명을 초청하여 원고의 회갑연까지 주선한 사실, 피고는 원고의 가출 이후 5-6회 정도 원고를 찾아가 귀가를 종용하였고 대전에 거주하는 원고의 절친한 친구를 찾아가 원고를 잘 설득시켜 다시 가정으로 돌아오도록 해달라고 부탁하기도 한 사실을 알 수 있으며, 한편 원고는 1995. 6.경 부부 동반으로 해외여행을 다녀오자는 피고의 제의를 거절하고 피고 혼자 해외여행을 나가있던 중인 같은 달 25. 짐을 챙겨 가출한 이래 내심 피고로부터 재산상의 보장을 바라면서 피고와의 동거를 거부하는 사실을 알아 볼 수 있다.  다. 위와 같은 사실관계 아래서 위에서 본 법리와 원·피고의 연령, 혼인계속의 의사 유무, 혼인생활의 기간, 혼인생활의 전체적 상황 등 여러 가지 사정을 종합적으로 고려하여 볼 때, 원심이 인정한 피고의 원고에 대한 일련의 독선적 행동이 혼인관계의 지속을 요구함이 가혹한 정도의 폭행, 학대, 또는 중대한 모욕으로서 민법 제840조 제3호 소정의 이혼사유인 배우자로부터 심히 부당한 대우를 받았을 때에 해당한다고 보기 어렵고, 그로 인하여 원·피고 사이의 부부공동생활관계가 회복할 수 없을 정도로 파탄됨으로써 민법 제840조 제6호 소정의 기타 혼인을 계속하기 어려운 중대한 사유가 있다고 보기도 어려우며, 설사 원·피고 사이의 혼인관계가 더 이상 회복하기 어려울 정도로 파탄에 이르렀다고 하더라도 그에 대한 주된 책임은 부부 사이 및 전처 자식들과의 갈등과 감정상의 대립을 해소하여 혼인생활의 유지를 위한 노력을 하지 아니한 채, 인생의 말년에 이르러 피고가 전혀 예기치 못한 상황에서 가출하여 내심 피고에 대하여 재산상의 보장을 바라면서 피고와의 동거를 거부하는 등 부부간의 기본적 신의와 혼인의 도덕성에 배치되는 행태를 보인 원고에게 있다고 하지 않을 수 없다.  따라서 원심판결에는 재판상 이혼에 관한 법리를 오해하고, 심리를 다하지 아니하여 판결 결과에 영향을 미친 위법이 있다고 하지 않을 수 없다. 상고이유 중 이 점을 지적하는 부분은 이유 있다.  4. 그러므로 나머지 상고이유에 대한 판단을 생략한 채 원심판결을 파기하고, 사건을 다시 심리·판단하게 하기 위하여 원심법원에 환송하기로 관여 법관의 의견이 일치되어 주문과 같이 판결한다.대법관 정귀호(재판장) 김형선 이용훈(주심) 조무제 "
117185,이혼등,98므1193,대법원,"  민법상의 재산분할청구권은 이혼을 한 당사자의 일방이 다른 일방에 대하여 재산분할을 청구할 수 있는 권리로서 이혼이 성립한 때에 그 법적 효과로서 비로소 발생하는 것이므로, 당사자가 이혼이 성립하기 전에 이혼소송과 병합하여 재산분할의 청구를 하고, 법원이 이혼과 동시에 재산분할을 명하는 판결을 하는 경우에도 이혼판결은 확정되지 아니한 상태이므로, 그 시점에서 가집행을 허용할 수는 없다.","원고,피상고인겸상고인 피고,상고인겸피상고인 원심판결 
부산고법  1998. 7. 16. 선고 97르803 판결주문  상고를 모두 기각한다.  상고비용은 원·피고 각자의 부담으로 한다이유  상고이유를 본다.  1. 재산분할에 관한 원·피고의 상고이유에 대하여  기록에 비추어 살펴보면, 원심이, 이 사건 재산분할의 대상이 된 부동산과 예금채권은 원·피고 쌍방의 협력으로 이룩한 재산이라고 인정한 다음, 쌍방이 그 재산의 형성에 기여한 정도 등 일체의 사정을 참작하여 그 판시의 재산분할 액수를 정한 조치는 적절한 것으로 수긍이 가고, 거기에 상고이유에서 주장하는 바와 같은 채증법칙 위배로 인한 사실오인, 재산분할에 관한 법리오해의 위법이 있다고 할 수 없다.   2. 가집행선고에 관한 원고의 상고이유에 대하여민법상의 재산분할청구권은 이혼을 한 당사자의 일방이 다른 일방에 대하여 재산분할을 청구할 수 있는 권리로서 이혼이 성립한 때에 그 법적 효과로서 비로소 발생하는 것이다. 따라서 당사자가 이혼이 성립하기 전에 이혼소송과 병합하여 재산분할의 청구를 하고, 법원이 이혼과 동시에 재산분할을 명하는 판결을 하는 경우에도 이혼판결은 확정되지 아니한 상태이므로, 그 시점에서 가집행을 허용할 수는 없다.
        이와 반대의 견해를 전제로 하여, 원심이 가집행선고를 붙이지 아니한 제1심판결을 유지한 것이 위법하다는 상고이유의 주장은 받아들일 수 없다.  3. 결론  그러므로 상고를 모두 기각하고, 상고비용은 패소자 각자의 부담으로 하기로 하여 관여 법관의 일치된 의견으로 주문과 같이 판결한다.대법관 천경송(재판장) 신성택 송진훈(주심) "